gsm,cohort,group,genotype,treatment_protocol,include_full,include_clean,exclusion_reason
GSM1412394,GSE58485,tbi,Ccl3-/-,Two strains of chemokine signalling-deficient mice were compared after injury. Experimental protocol followed approved ethical regulations.,True,True,
GSM1412395,GSE58485,sham,Ccl3-/-,Two strains of chemokine signalling-deficient mice were compared after injury. Experimental protocol followed approved ethical regulations.,True,True,
GSM1412396,GSE58485,sham,Ccl3-/-,Two strains of chemokine signalling-deficient mice were compared after injury. Experimental protocol followed approved ethical regulations.,True,True,
GSM1412397,GSE58485,tbi,Ccl3-/-,Two strains of chemokine signalling-deficient mice were compared after injury. Experimental protocol followed approved ethical regulations.,True,True,
GSM1412398,GSE58485,tbi,Ccl3-/-,Two strains of chemokine signalling-deficient mice were compared after injury. Experimental protocol followed approved ethical regulations.,True,True,
GSM1412399,GSE58485,tbi,Ccl3-/-,Two strains of chemokine signalling-deficient mice were compared after injury. Experimental protocol followed approved ethical regulations.,True,True,
GSM1412400,GSE58485,tbi,Ccl3-/-,Two strains of chemokine signalling-deficient mice were compared after injury. Experimental protocol followed approved ethical regulations.,True,True,
GSM1412401,GSE58485,tbi,Ccr2-/-,Two strains of chemokine signalling-deficient mice were compared after injury. Experimental protocol followed approved ethical regulations.,True,True,
GSM1412402,GSE58485,tbi,Ccr2-/-,Two strains of chemokine signalling-deficient mice were compared after injury. Experimental protocol followed approved ethical regulations.,True,True,
GSM1412403,GSE58485,sham,Ccr2-/-,Two strains of chemokine signalling-deficient mice were compared after injury. Experimental protocol followed approved ethical regulations.,True,True,
GSM1412404,GSE58485,sham,Ccr2-/-,Two strains of chemokine signalling-deficient mice were compared after injury. Experimental protocol followed approved ethical regulations.,True,True,
GSM1412405,GSE58485,tbi,Ccr2-/-,Two strains of chemokine signalling-deficient mice were compared after injury. Experimental protocol followed approved ethical regulations.,True,True,
GSM1412406,GSE58485,tbi,Ccr2-/-,Two strains of chemokine signalling-deficient mice were compared after injury. Experimental protocol followed approved ethical regulations.,True,True,
GSM1412407,GSE58485,tbi,Ccr2-/-,Two strains of chemokine signalling-deficient mice were compared after injury. Experimental protocol followed approved ethical regulations.,True,True,
GSM1412408,GSE58485,tbi,wildtype,"Wildtype B6 mice were subjected to injury for post-treatment with cyclophosphamide or saline and sacrificed after three days. Brains from uninjured mice and injured, untreated mice served as controls. Experimental protocol followed approved ethical regulations.",True,True,
GSM1412409,GSE58485,tbi,wildtype,"Wildtype B6 mice were subjected to injury for post-treatment with cyclophosphamide or saline and sacrificed after three days. Brains from uninjured mice and injured, untreated mice served as controls. Experimental protocol followed approved ethical regulations.",True,True,
GSM1412410,GSE58485,tbi,wildtype,"Wildtype B6 mice were subjected to injury for post-treatment with cyclophosphamide or saline and sacrificed after three days. Brains from uninjured mice and injured, untreated mice served as controls. Experimental protocol followed approved ethical regulations.",True,True,
GSM1412411,GSE58485,sham,wildtype,"Wildtype B6 mice were subjected to injury for post-treatment with cyclophosphamide or saline and sacrificed after three days. Brains from uninjured mice and injured, untreated mice served as controls. Experimental protocol followed approved ethical regulations.",True,True,
GSM1412412,GSE58485,sham,wildtype,"Wildtype B6 mice were subjected to injury for post-treatment with cyclophosphamide or saline and sacrificed after three days. Brains from uninjured mice and injured, untreated mice served as controls. Experimental protocol followed approved ethical regulations.",True,True,
GSM1412413,GSE58485,sham,wildtype,"Wildtype B6 mice were subjected to injury for post-treatment with cyclophosphamide or saline and sacrificed after three days. Brains from uninjured mice and injured, untreated mice served as controls. Experimental protocol followed approved ethical regulations.",True,True,
GSM1412414,GSE58485,tbi,wildtype,"Wildtype B6 mice were subjected to injury for post-treatment with cyclophosphamide or saline and sacrificed after three days. Brains from uninjured mice and injured, untreated mice served as controls. Experimental protocol followed approved ethical regulations.",True,False,cyclophosphamide i.p. treatment (drug-exposed)
GSM1412415,GSE58485,tbi,wildtype,"Wildtype B6 mice were subjected to injury for post-treatment with cyclophosphamide or saline and sacrificed after three days. Brains from uninjured mice and injured, untreated mice served as controls. Experimental protocol followed approved ethical regulations.",True,True,
GSM1412416,GSE58485,tbi,wildtype,"Wildtype B6 mice were subjected to injury for post-treatment with cyclophosphamide or saline and sacrificed after three days. Brains from uninjured mice and injured, untreated mice served as controls. Experimental protocol followed approved ethical regulations.",True,False,cyclophosphamide i.p. treatment (drug-exposed)
GSM1412417,GSE58485,tbi,wildtype,"Wildtype B6 mice were subjected to injury for post-treatment with cyclophosphamide or saline and sacrificed after three days. Brains from uninjured mice and injured, untreated mice served as controls. Experimental protocol followed approved ethical regulations.",True,True,
GSM1412418,GSE58485,tbi,wildtype,"Wildtype B6 mice were subjected to injury for post-treatment with cyclophosphamide or saline and sacrificed after three days. Brains from uninjured mice and injured, untreated mice served as controls. Experimental protocol followed approved ethical regulations.",True,False,cyclophosphamide i.p. treatment (drug-exposed)
GSM1412419,GSE58485,tbi,wildtype,"Wildtype B6 mice were subjected to injury for post-treatment with cyclophosphamide or saline and sacrificed after three days. Brains from uninjured mice and injured, untreated mice served as controls. Experimental protocol followed approved ethical regulations.",True,False,cyclophosphamide i.p. treatment (drug-exposed)
GSM1412420,GSE58485,tbi,wildtype,"Wildtype B6 mice were subjected to injury for post-treatment with cyclophosphamide or saline and sacrificed after three days. Brains from uninjured mice and injured, untreated mice served as controls. Experimental protocol followed approved ethical regulations.",True,True,
GSM1412421,GSE58485,tbi,wildtype,"Wildtype B6 mice were subjected to injury for post-treatment with cyclophosphamide or saline and sacrificed after three days. Brains from uninjured mice and injured, untreated mice served as controls. Experimental protocol followed approved ethical regulations.",True,False,cyclophosphamide i.p. treatment (drug-exposed)
GSM1412422,GSE58485,tbi,wildtype,"Wildtype B6 mice were subjected to injury for post-treatment with cyclophosphamide or saline and sacrificed after three days. Brains from uninjured mice and injured, untreated mice served as controls. Experimental protocol followed approved ethical regulations.",True,True,
GSM1015318,GSE41345,other,,"Mice were treated for 7 days with the peptide Ex-4 dissolved in an equal volume of saline and dimethyl sulfoxide (DMSO) mixture and delivered from a subcutaneously implanted ALZET Micro-osmotic pump (Model 1007D, Alzet, Cupertino, CA) at a rate of 3.5 pM/kg/min.",False,False,
GSM1015319,GSE41345,other,,"Mice were treated for 7 days with the peptide Ex-4 dissolved in an equal volume of saline and dimethyl sulfoxide (DMSO) mixture and delivered from a subcutaneously implanted ALZET Micro-osmotic pump (Model 1007D, Alzet, Cupertino, CA) at a rate of 3.5 pM/kg/min.",False,False,
GSM1015320,GSE41345,other,,"Mice were treated for 7 days with the peptide Ex-4 dissolved in an equal volume of saline and dimethyl sulfoxide (DMSO) mixture and delivered from a subcutaneously implanted ALZET Micro-osmotic pump (Model 1007D, Alzet, Cupertino, CA) at a rate of 3.5 pM/kg/min.",False,False,
GSM1015321,GSE41345,other,,"Mice were treated for 7 days with the peptide Ex-4 dissolved in an equal volume of saline and dimethyl sulfoxide (DMSO) mixture and delivered from a subcutaneously implanted ALZET Micro-osmotic pump (Model 1007D, Alzet, Cupertino, CA) at a rate of 3.5 pM/kg/min.",False,False,
GSM1015322,GSE41345,other,,"Mice were treated for 7 days with the peptide Ex-4 dissolved in an equal volume of saline and dimethyl sulfoxide (DMSO) mixture and delivered from a subcutaneously implanted ALZET Micro-osmotic pump (Model 1007D, Alzet, Cupertino, CA) at a rate of 3.5 pM/kg/min.",False,False,
GSM1015323,GSE41345,tbi,,"Mice were treated for 7 days with the just vehicle, a saline and dimethyl sulfoxide (DMSO) mixture and delivered from a subcutaneously implanted ALZET Micro-osmotic pump (Model 1007D, Alzet, Cupertino, CA).  mTBI was induced on day 3 of treatment.",True,True,
GSM1015324,GSE41345,tbi,,"Mice were treated for 7 days with the just vehicle, a saline and dimethyl sulfoxide (DMSO) mixture and delivered from a subcutaneously implanted ALZET Micro-osmotic pump (Model 1007D, Alzet, Cupertino, CA).  mTBI was induced on day 3 of treatment.",True,True,
GSM1015325,GSE41345,tbi,,"Mice were treated for 7 days with the just vehicle, a saline and dimethyl sulfoxide (DMSO) mixture and delivered from a subcutaneously implanted ALZET Micro-osmotic pump (Model 1007D, Alzet, Cupertino, CA).  mTBI was induced on day 3 of treatment.",True,True,
GSM1015326,GSE41345,tbi,,"Mice were treated for 7 days with the just vehicle, a saline and dimethyl sulfoxide (DMSO) mixture and delivered from a subcutaneously implanted ALZET Micro-osmotic pump (Model 1007D, Alzet, Cupertino, CA).  mTBI was induced on day 3 of treatment.",True,True,
GSM1015327,GSE41345,tbi,,"Mice were treated for 7 days with the peptide Ex-4 dissolved in an equal volume of saline and dimethyl sulfoxide (DMSO) mixture and delivered from a subcutaneously implanted ALZET Micro-osmotic pump (Model 1007D, Alzet, Cupertino, CA) at a rate of 3.5 pM/kg/min. mTBI was induced on day 3 of treatment.",True,False,Ex-4 treatment (drug-exposed)
GSM1015328,GSE41345,tbi,,"Mice were treated for 7 days with the peptide Ex-4 dissolved in an equal volume of saline and dimethyl sulfoxide (DMSO) mixture and delivered from a subcutaneously implanted ALZET Micro-osmotic pump (Model 1007D, Alzet, Cupertino, CA) at a rate of 3.5 pM/kg/min. mTBI was induced on day 3 of treatment.",True,False,Ex-4 treatment (drug-exposed)
GSM1015329,GSE41345,tbi,,"Mice were treated for 7 days with the peptide Ex-4 dissolved in an equal volume of saline and dimethyl sulfoxide (DMSO) mixture and delivered from a subcutaneously implanted ALZET Micro-osmotic pump (Model 1007D, Alzet, Cupertino, CA) at a rate of 3.5 pM/kg/min. mTBI was induced on day 3 of treatment.",True,False,Ex-4 treatment (drug-exposed)
GSM1015330,GSE41345,tbi,,"Mice were treated for 7 days with the peptide Ex-4 dissolved in an equal volume of saline and dimethyl sulfoxide (DMSO) mixture and delivered from a subcutaneously implanted ALZET Micro-osmotic pump (Model 1007D, Alzet, Cupertino, CA) at a rate of 3.5 pM/kg/min. mTBI was induced on day 3 of treatment.",True,False,Ex-4 treatment (drug-exposed)
GSM1015331,GSE41345,sham,,"Mice were treated for 7 days with the just vehicle, a saline and dimethyl sulfoxide (DMSO) mixture and delivered from a subcutaneously implanted ALZET Micro-osmotic pump (Model 1007D, Alzet, Cupertino, CA).  Mice were placed into the mTBI equipment on day 3 but no weight was dropped.",True,True,
GSM1015332,GSE41345,sham,,"Mice were treated for 7 days with the just vehicle, a saline and dimethyl sulfoxide (DMSO) mixture and delivered from a subcutaneously implanted ALZET Micro-osmotic pump (Model 1007D, Alzet, Cupertino, CA).  Mice were placed into the mTBI equipment on day 3 but no weight was dropped.",True,True,
GSM1015333,GSE41345,sham,,"Mice were treated for 7 days with the just vehicle, a saline and dimethyl sulfoxide (DMSO) mixture and delivered from a subcutaneously implanted ALZET Micro-osmotic pump (Model 1007D, Alzet, Cupertino, CA).  Mice were placed into the mTBI equipment on day 3 but no weight was dropped.",True,True,
GSM1015334,GSE41345,sham,,"Mice were treated for 7 days with the just vehicle, a saline and dimethyl sulfoxide (DMSO) mixture and delivered from a subcutaneously implanted ALZET Micro-osmotic pump (Model 1007D, Alzet, Cupertino, CA).  Mice were placed into the mTBI equipment on day 3 but no weight was dropped.",True,True,
GSM1015335,GSE41345,sham,,"Mice were treated for 7 days with the just vehicle, a saline and dimethyl sulfoxide (DMSO) mixture and delivered from a subcutaneously implanted ALZET Micro-osmotic pump (Model 1007D, Alzet, Cupertino, CA).  Mice were placed into the mTBI equipment on day 3 but no weight was dropped.",True,True,
