gene_symbol,tier,sources,human_ensembl,mouse_ensembl,mouse_symbol,orthology_type,perc_id,ensembl_release,orthology_class,n_mouse_orthologs,mapped,matrix_symbol,alias_note,in_matrix_CLEAN,in_matrix_FULL
A3F,C,ChEMBL,NA,NA,NA,NA,NA,NA,unmapped,NA,FALSE,NA,,FALSE,FALSE
ABCB1,C,ChEMBL,ENSG00000085563,ENSMUSG00000040584,Abcb1a,ortholog_one2many,87.5392,"116 (Ensembl Genes 116, ensembl_mart_116)",one2many,2,TRUE,Abcb1a,,FALSE,FALSE
ABCB1,C,ChEMBL,ENSG00000085563,ENSMUSG00000028970,Abcb1b,ortholog_one2many,80.7994,"116 (Ensembl Genes 116, ensembl_mart_116)",one2many,2,TRUE,Abcb1b,,FALSE,FALSE
ABCG2,C,SwissTargetPrediction,ENSG00000118777,ENSMUSG00000029299,Abcg3,ortholog_one2one,54.9231,"116 (Ensembl Genes 116, ensembl_mart_116)",one2one,1,TRUE,Abcg3,,FALSE,FALSE
ACAT1,C,SwissTargetPrediction,ENSG00000075239,ENSMUSG00000032047,Acat1,ortholog_one2one,84.6698,"116 (Ensembl Genes 116, ensembl_mart_116)",one2one,1,TRUE,Acat1,,FALSE,FALSE
ACHE,C,ChEMBL;SwissTargetPrediction,ENSG00000087085,ENSMUSG00000023328,Ache,ortholog_one2one,88.4365,"116 (Ensembl Genes 116, ensembl_mart_116)",one2one,1,TRUE,Ache,,TRUE,TRUE
ADAM17,C,PharmMapper,ENSG00000151694,ENSMUSG00000052593,Adam17,ortholog_one2one,91.7775,"116 (Ensembl Genes 116, ensembl_mart_116)",one2one,1,TRUE,Adam17,,TRUE,TRUE
ADORA1,C,ChEMBL;SwissTargetPrediction,ENSG00000163485,ENSMUSG00000042429,Adora1,ortholog_one2one,94.7853,"116 (Ensembl Genes 116, ensembl_mart_116)",one2one,1,TRUE,Adora1,,TRUE,TRUE
ADORA2,C,ChEMBL,NA,NA,NA,NA,NA,NA,unmapped,NA,FALSE,NA,,FALSE,FALSE
ADORA2A,C,ChEMBL;SwissTargetPrediction,ENSG00000128271,ENSMUSG00000020178,Adora2a,ortholog_one2one,81.4634,"116 (Ensembl Genes 116, ensembl_mart_116)",one2one,1,TRUE,Adora2a,,FALSE,FALSE
ADORA3,C,ChEMBL;SwissTargetPrediction,ENSG00000282608,ENSMUSG00000000562,Adora3,ortholog_one2one,73.3542,"116 (Ensembl Genes 116, ensembl_mart_116)",one2one,1,TRUE,Adora3,,FALSE,FALSE
ADRA1A,C,ChEMBL,ENSG00000120907,ENSMUSG00000045875,Adra1a,ortholog_one2one,91.4163,"116 (Ensembl Genes 116, ensembl_mart_116)",one2one,1,TRUE,Adra1a,,FALSE,FALSE
ADRA1D,C,ChEMBL,ENSG00000171873,ENSMUSG00000027335,Adra1d,ortholog_one2one,86.6548,"116 (Ensembl Genes 116, ensembl_mart_116)",one2one,1,TRUE,Adra1d,,FALSE,FALSE
ADRA2A,C,ChEMBL;SwissTargetPrediction,ENSG00000150594,ENSMUSG00000033717,Adra2a,ortholog_one2one,92.4731,"116 (Ensembl Genes 116, ensembl_mart_116)",one2one,1,TRUE,Adra2a,,TRUE,TRUE
ADRA2B,C,ChEMBL,ENSG00000274286,ENSMUSG00000058620,Adra2b,ortholog_one2one,83.0357,"116 (Ensembl Genes 116, ensembl_mart_116)",one2one,1,TRUE,Adra2b,,FALSE,FALSE
ADRA2C,C,ChEMBL;SwissTargetPrediction,ENSG00000184160,ENSMUSG00000045318,Adra2c,ortholog_one2one,93.8865,"116 (Ensembl Genes 116, ensembl_mart_116)",one2one,1,TRUE,Adra2c,,TRUE,TRUE
ADRA2L1,C,ChEMBL,NA,NA,NA,NA,NA,NA,unmapped,NA,FALSE,NA,,FALSE,FALSE
ADRA2L2,C,ChEMBL,NA,NA,NA,NA,NA,NA,unmapped,NA,FALSE,NA,,FALSE,FALSE
ADRA2R,C,ChEMBL,NA,NA,NA,NA,NA,NA,unmapped,NA,FALSE,NA,,FALSE,FALSE
ADRA2RL1,C,ChEMBL,NA,NA,NA,NA,NA,NA,unmapped,NA,FALSE,NA,,FALSE,FALSE
ADRA2RL2,C,ChEMBL,NA,NA,NA,NA,NA,NA,unmapped,NA,FALSE,NA,,FALSE,FALSE
ADRAR,C,ChEMBL,NA,NA,NA,NA,NA,NA,unmapped,NA,FALSE,NA,,FALSE,FALSE
ADRB1,C,ChEMBL,ENSG00000043591,ENSMUSG00000035283,Adrb1,ortholog_one2one,92.0601,"116 (Ensembl Genes 116, ensembl_mart_116)",one2one,1,TRUE,Adrb1,,FALSE,FALSE
ADRB1R,C,ChEMBL,NA,NA,NA,NA,NA,NA,unmapped,NA,FALSE,NA,,FALSE,FALSE
ADRB2,C,ChEMBL,ENSG00000169252,ENSMUSG00000045730,Adrb2,ortholog_one2one,87.0813,"116 (Ensembl Genes 116, ensembl_mart_116)",one2one,1,TRUE,Adrb2,,FALSE,FALSE
ADRB2R,C,ChEMBL,NA,NA,NA,NA,NA,NA,unmapped,NA,FALSE,NA,,FALSE,FALSE
ADRB3,C,ChEMBL,ENSG00000188778,ENSMUSG00000031489,Adrb3,ortholog_one2one,78.75,"116 (Ensembl Genes 116, ensembl_mart_116)",one2one,1,TRUE,Adrb3,,FALSE,FALSE
ADRB3R,C,ChEMBL,NA,NA,NA,NA,NA,NA,unmapped,NA,FALSE,NA,,FALSE,FALSE
AGTR2,C,ChEMBL,ENSG00000180772,ENSMUSG00000068122,Agtr2,ortholog_one2one,91.7355,"116 (Ensembl Genes 116, ensembl_mart_116)",one2one,1,TRUE,Agtr2,,FALSE,FALSE
AHR,A,ChEMBL;SwissTargetPrediction,ENSG00000106546,ENSMUSG00000019256,Ahr,ortholog_one2one,73.1677,"116 (Ensembl Genes 116, ensembl_mart_116)",one2one,1,TRUE,Ahr,,FALSE,FALSE
AKR1C2,C,PharmMapper,NA,NA,NA,NA,NA,NA,unmapped,NA,FALSE,NA,,FALSE,FALSE
ALB,B,PharmMapper,ENSG00000163631,ENSMUSG00000029368,Alb,ortholog_one2one,72.5329,"116 (Ensembl Genes 116, ensembl_mart_116)",one2one,1,TRUE,Alb,,FALSE,FALSE
ALK,C,SwissTargetPrediction,ENSG00000171094,ENSMUSG00000055471,Alk,ortholog_one2one,87.6003,"116 (Ensembl Genes 116, ensembl_mart_116)",one2one,1,TRUE,Alk,,TRUE,TRUE
ALOX15B,C,SwissTargetPrediction,ENSG00000179593,ENSMUSG00000020891,Alox8,ortholog_one2one,77.8434,"116 (Ensembl Genes 116, ensembl_mart_116)",one2one,1,TRUE,Alox8,,FALSE,FALSE
ALOX5,C,SEA,ENSG00000012779,ENSMUSG00000025701,Alox5,ortholog_one2one,93.4718,"116 (Ensembl Genes 116, ensembl_mart_116)",one2one,1,TRUE,Alox5,,FALSE,FALSE
APEX1,C,SwissTargetPrediction,ENSG00000100823,ENSMUSG00000035960,Apex1,ortholog_one2one,94.6372,"116 (Ensembl Genes 116, ensembl_mart_116)",one2one,1,TRUE,Apex1,,TRUE,TRUE
APLNR,C,SwissTargetPrediction,ENSG00000134817,ENSMUSG00000044338,Aplnr,ortholog_one2one,91.7772,"116 (Ensembl Genes 116, ensembl_mart_116)",one2one,1,TRUE,Aplnr,,FALSE,FALSE
APOA2,B,PharmMapper,ENSG00000158874,ENSMUSG00000005681,Apoa2,ortholog_one2one,61.7647,"116 (Ensembl Genes 116, ensembl_mart_116)",one2one,1,TRUE,Apoa2,,FALSE,FALSE
APOBEC3F,C,ChEMBL,NA,NA,NA,NA,NA,NA,unmapped,NA,FALSE,NA,,FALSE,FALSE
APP,C,SwissTargetPrediction,ENSG00000142192,ENSMUSG00000022892,App,ortholog_one2one,97.2037,"116 (Ensembl Genes 116, ensembl_mart_116)",one2one,1,TRUE,App,,TRUE,TRUE
AR,C,PharmMapper;SwissTargetPrediction,ENSG00000169083,ENSMUSG00000046532,Ar,ortholog_one2one,87.6529,"116 (Ensembl Genes 116, ensembl_mart_116)",one2one,1,TRUE,Ar,,TRUE,TRUE
ARA24,C,ChEMBL,NA,NA,NA,NA,NA,NA,unmapped,NA,FALSE,NA,,FALSE,FALSE
ASM,C,ChEMBL,NA,NA,NA,NA,NA,NA,unmapped,NA,FALSE,NA,,FALSE,FALSE
AVPR1,C,ChEMBL,NA,NA,NA,NA,NA,NA,unmapped,NA,FALSE,NA,,FALSE,FALSE
AVPR1A,C,ChEMBL,ENSG00000166148,ENSMUSG00000020123,Avpr1a,ortholog_one2one,81.7967,"116 (Ensembl Genes 116, ensembl_mart_116)",one2one,1,TRUE,Avpr1a,,FALSE,FALSE
B1AR,C,ChEMBL,NA,NA,NA,NA,NA,NA,unmapped,NA,FALSE,NA,,FALSE,FALSE
B2AR,C,ChEMBL,NA,NA,NA,NA,NA,NA,unmapped,NA,FALSE,NA,,FALSE,FALSE
B2R,C,ChEMBL,NA,NA,NA,NA,NA,NA,unmapped,NA,FALSE,NA,,FALSE,FALSE
B3AR,C,ChEMBL,NA,NA,NA,NA,NA,NA,unmapped,NA,FALSE,NA,,FALSE,FALSE
BACE1,C,PharmMapper;SwissTargetPrediction,ENSG00000186318,ENSMUSG00000032086,Bace1,ortholog_one2one,96.4072,"116 (Ensembl Genes 116, ensembl_mart_116)",one2one,1,TRUE,Bace1,,TRUE,TRUE
BCHE,B,PharmMapper;SwissTargetPrediction,ENSG00000114200,ENSMUSG00000027792,Bche,ortholog_one2one,79.4361,"116 (Ensembl Genes 116, ensembl_mart_116)",one2one,1,TRUE,Bche,,FALSE,FALSE
BDKRB2,C,ChEMBL,ENSG00000168398,ENSMUSG00000021070,Bdkrb2,ortholog_one2one,79.5918,"116 (Ensembl Genes 116, ensembl_mart_116)",one2one,1,TRUE,Bdkrb2,,FALSE,FALSE
BKR2,C,ChEMBL,NA,NA,NA,NA,NA,NA,unmapped,NA,FALSE,NA,,FALSE,FALSE
BMP2,B,PharmMapper,ENSG00000125845,ENSMUSG00000027358,Bmp2,ortholog_one2one,91.6244,"116 (Ensembl Genes 116, ensembl_mart_116)",one2one,1,TRUE,Bmp2,,FALSE,FALSE
CA1,C,SwissTargetPrediction,ENSG00000133742,ENSMUSG00000027556,Car1,ortholog_one2one,78.1609,"116 (Ensembl Genes 116, ensembl_mart_116)",one2one,1,TRUE,Car1,,FALSE,FALSE
CA12,C,SwissTargetPrediction,ENSG00000074410,ENSMUSG00000032373,Car12,ortholog_one2one,82.8488,"116 (Ensembl Genes 116, ensembl_mart_116)",one2one,1,TRUE,Car12,,TRUE,TRUE
CA2,C,ChEMBL;PharmMapper;SwissTargetPrediction,ENSG00000104267,ENSMUSG00000027562,Car2,ortholog_one2one,80.7692,"116 (Ensembl Genes 116, ensembl_mart_116)",one2one,1,TRUE,Car2,,TRUE,TRUE
CA3,C,SwissTargetPrediction,ENSG00000164879,ENSMUSG00000027559,Car3,ortholog_one2one,91.9231,"116 (Ensembl Genes 116, ensembl_mart_116)",one2one,1,TRUE,Car3,,FALSE,FALSE
CA4,C,SwissTargetPrediction,ENSG00000167434,ENSMUSG00000000805,Car4,ortholog_one2one,57.377,"116 (Ensembl Genes 116, ensembl_mart_116)",one2one,1,TRUE,Car4,,TRUE,TRUE
CA5A,C,SwissTargetPrediction,ENSG00000174990,ENSMUSG00000025317,Car5a,ortholog_one2one,71.9064,"116 (Ensembl Genes 116, ensembl_mart_116)",one2one,1,TRUE,Car5a,,FALSE,FALSE
CA5B,C,SwissTargetPrediction,ENSG00000169239,ENSMUSG00000031373,Car5b,ortholog_one2one,89.2744,"116 (Ensembl Genes 116, ensembl_mart_116)",one2one,1,TRUE,Car5b,,FALSE,FALSE
CA9,C,SwissTargetPrediction,ENSG00000107159,ENSMUSG00000028463,Car9,ortholog_one2one,73.2265,"116 (Ensembl Genes 116, ensembl_mart_116)",one2one,1,TRUE,Car9,,FALSE,FALSE
CAC,C,ChEMBL,NA,NA,NA,NA,NA,NA,unmapped,NA,FALSE,NA,,FALSE,FALSE
CALCR,C,ChEMBL,ENSG00000004948,ENSMUSG00000023964,Calcr,ortholog_one2one,74.3952,"116 (Ensembl Genes 116, ensembl_mart_116)",one2one,1,TRUE,Calcr,,FALSE,FALSE
CALNA,C,ChEMBL,NA,NA,NA,NA,NA,NA,unmapped,NA,FALSE,NA,,FALSE,FALSE
CANN6,C,ChEMBL,NA,NA,NA,NA,NA,NA,unmapped,NA,FALSE,NA,,FALSE,FALSE
CASP1,C,ChEMBL,ENSG00000137752,ENSMUSG00000025888,Casp1,ortholog_one2many,61.9403,"116 (Ensembl Genes 116, ensembl_mart_116)",one2many,1,TRUE,Casp1,,TRUE,TRUE
CB1,C,ChEMBL,NA,NA,NA,NA,NA,NA,unmapped,NA,FALSE,NA,,FALSE,FALSE
CBX,C,ChEMBL,NA,NA,NA,NA,NA,NA,unmapped,NA,FALSE,NA,,FALSE,FALSE
CBX1,C,ChEMBL,NA,NA,NA,NA,NA,NA,unmapped,NA,FALSE,NA,,FALSE,FALSE
CCKAR,C,ChEMBL,ENSG00000163394,ENSMUSG00000029193,Cckar,ortholog_one2one,88.9908,"116 (Ensembl Genes 116, ensembl_mart_116)",one2one,1,TRUE,Cckar,,FALSE,FALSE
CCKRA,C,ChEMBL,NA,NA,NA,NA,NA,NA,unmapped,NA,FALSE,NA,,FALSE,FALSE
CCNA2,C,PharmMapper,ENSG00000145386,ENSMUSG00000027715,Ccna2,ortholog_one2one,87.2038,"116 (Ensembl Genes 116, ensembl_mart_116)",one2one,1,TRUE,Ccna2,,FALSE,FALSE
CCR2,C,ChEMBL;SwissTargetPrediction,ENSG00000121807,ENSMUSG00000049103,Ccr2,ortholog_one2one,76.9437,"116 (Ensembl Genes 116, ensembl_mart_116)",one2one,1,TRUE,Ccr2,,FALSE,FALSE
CCR4,C,ChEMBL,ENSG00000183813,ENSMUSG00000047898,Ccr4,ortholog_one2one,86.6667,"116 (Ensembl Genes 116, ensembl_mart_116)",one2one,1,TRUE,Ccr4,,FALSE,FALSE
CCR5,C,ChEMBL,ENSG00000160791,ENSMUSG00000079227,Ccr5,ortholog_one2one,81.9209,"116 (Ensembl Genes 116, ensembl_mart_116)",one2one,1,TRUE,Ccr5,,TRUE,FALSE
CD45,C,ChEMBL,NA,NA,NA,NA,NA,NA,unmapped,NA,FALSE,NA,,FALSE,FALSE
CDK8,C,SwissTargetPrediction,ENSG00000132964,ENSMUSG00000029635,Cdk8,ortholog_one2one,98.9224,"116 (Ensembl Genes 116, ensembl_mart_116)",one2one,1,TRUE,Cdk8,,TRUE,TRUE
CHEK1,C,PharmMapper,ENSG00000149554,ENSMUSG00000032113,Chek1,ortholog_one2one,93.0672,"116 (Ensembl Genes 116, ensembl_mart_116)",one2one,1,TRUE,Chek1,,FALSE,FALSE
CHEMR13,C,ChEMBL,NA,NA,NA,NA,NA,NA,unmapped,NA,FALSE,NA,,FALSE,FALSE
CHRM1,C,ChEMBL,ENSG00000168539,ENSMUSG00000032773,Chrm1,ortholog_one2one,98.913,"116 (Ensembl Genes 116, ensembl_mart_116)",one2one,1,TRUE,Chrm1,,FALSE,FALSE
CHRM2,C,ChEMBL,ENSG00000181072,ENSMUSG00000045613,Chrm2,ortholog_one2one,96.3519,"116 (Ensembl Genes 116, ensembl_mart_116)",one2one,1,TRUE,Chrm2,,FALSE,FALSE
CHRM3,C,ChEMBL,ENSG00000133019,ENSMUSG00000046159,Chrm3,ortholog_one2one,91.6808,"116 (Ensembl Genes 116, ensembl_mart_116)",one2one,1,TRUE,Chrm3,,TRUE,TRUE
CHRM4,C,ChEMBL,ENSG00000180720,ENSMUSG00000040495,Chrm4,ortholog_one2one,96.0334,"116 (Ensembl Genes 116, ensembl_mart_116)",one2one,1,TRUE,Chrm4,,FALSE,FALSE
CHRM5,C,ChEMBL,ENSG00000184984,ENSMUSG00000074939,Chrm5,ortholog_one2one,88.7218,"116 (Ensembl Genes 116, ensembl_mart_116)",one2one,1,TRUE,Chrm5,,FALSE,FALSE
CLG,C,ChEMBL,NA,NA,NA,NA,NA,NA,unmapped,NA,FALSE,NA,,FALSE,FALSE
CLG4B,C,ChEMBL,NA,NA,NA,NA,NA,NA,unmapped,NA,FALSE,NA,,FALSE,FALSE
CMKAR1,C,ChEMBL,NA,NA,NA,NA,NA,NA,unmapped,NA,FALSE,NA,,FALSE,FALSE
CMKBR2,C,ChEMBL,NA,NA,NA,NA,NA,NA,unmapped,NA,FALSE,NA,,FALSE,FALSE
CMKBR4,C,ChEMBL,NA,NA,NA,NA,NA,NA,unmapped,NA,FALSE,NA,,FALSE,FALSE
CMKBR5,C,ChEMBL,NA,NA,NA,NA,NA,NA,unmapped,NA,FALSE,NA,,FALSE,FALSE
CNA,C,ChEMBL,NA,NA,NA,NA,NA,NA,unmapped,NA,FALSE,NA,,FALSE,FALSE
CNR,C,ChEMBL,NA,NA,NA,NA,NA,NA,unmapped,NA,FALSE,NA,,FALSE,FALSE
CNR1,C,ChEMBL;SwissTargetPrediction,ENSG00000118432,ENSMUSG00000044288,Cnr1,ortholog_one2one,96.8288,"116 (Ensembl Genes 116, ensembl_mart_116)",one2one,1,TRUE,Cnr1,,TRUE,FALSE
CNR2,C,SwissTargetPrediction,ENSG00000188822,ENSMUSG00000062585,Cnr2,ortholog_one2one,82.7089,"116 (Ensembl Genes 116, ensembl_mart_116)",one2one,1,TRUE,Cnr2,,FALSE,FALSE
COX1,C,ChEMBL,NA,NA,NA,NA,NA,NA,unmapped,NA,FALSE,NA,,FALSE,FALSE
COX2,C,ChEMBL,NA,NA,NA,NA,NA,NA,unmapped,NA,FALSE,NA,,FALSE,FALSE
CRABP2,B,PharmMapper,ENSG00000143320,ENSMUSG00000004885,Crabp2,ortholog_one2one,93.4783,"116 (Ensembl Genes 116, ensembl_mart_116)",one2one,1,TRUE,Crabp2,,FALSE,FALSE
CRHR1,C,SwissTargetPrediction,ENSG00000120088,ENSMUSG00000018634,Crhr1,ortholog_one2one,97.5904,"116 (Ensembl Genes 116, ensembl_mart_116)",one2one,1,TRUE,Crhr1,,FALSE,FALSE
CSBP,C,ChEMBL,NA,NA,NA,NA,NA,NA,unmapped,NA,FALSE,NA,,FALSE,FALSE
CSBP1,C,ChEMBL,NA,NA,NA,NA,NA,NA,unmapped,NA,FALSE,NA,,FALSE,FALSE
CSBP2,C,ChEMBL,NA,NA,NA,NA,NA,NA,unmapped,NA,FALSE,NA,,FALSE,FALSE
CSPB1,C,ChEMBL,NA,NA,NA,NA,NA,NA,unmapped,NA,FALSE,NA,,FALSE,FALSE
CTNNA1,B,PharmMapper,ENSG00000044115,ENSMUSG00000037815,Ctnna1,ortholog_one2one,99.4481,"116 (Ensembl Genes 116, ensembl_mart_116)",one2one,1,TRUE,Ctnna1,,TRUE,TRUE
CTSB,C,SwissTargetPrediction,ENSG00000164733,ENSMUSG00000021939,Ctsb,ortholog_one2one,78.7611,"116 (Ensembl Genes 116, ensembl_mart_116)",one2one,1,TRUE,Ctsb,,TRUE,TRUE
CTSG,C,ChEMBL,ENSG00000100448,ENSMUSG00000040314,Ctsg,ortholog_one2one,66.2835,"116 (Ensembl Genes 116, ensembl_mart_116)",one2one,1,TRUE,Ctsg,,FALSE,FALSE
CTSL,C,SwissTargetPrediction,NA,NA,NA,NA,NA,NA,unmapped,NA,FALSE,NA,,FALSE,FALSE
CXCR1,C,ChEMBL,ENSG00000163464,ENSMUSG00000048480,Cxcr1,ortholog_one2one,63.8177,"116 (Ensembl Genes 116, ensembl_mart_116)",one2one,1,TRUE,Cxcr1,,FALSE,FALSE
CXCR2,C,ChEMBL,ENSG00000180871,ENSMUSG00000026180,Cxcr2,ortholog_one2one,71.0306,"116 (Ensembl Genes 116, ensembl_mart_116)",one2one,1,TRUE,Cxcr2,,FALSE,FALSE
CYP19A1,C,SwissTargetPrediction,ENSG00000137869,ENSMUSG00000032274,Cyp19a1,ortholog_one2one,79.3241,"116 (Ensembl Genes 116, ensembl_mart_116)",one2one,1,TRUE,Cyp19a1,,FALSE,FALSE
CYP1A2,A,ChEMBL;SwissTargetPrediction,ENSG00000140505,ENSMUSG00000032310,Cyp1a2,ortholog_one2one,72.9045,"116 (Ensembl Genes 116, ensembl_mart_116)",one2one,1,TRUE,Cyp1a2,,FALSE,FALSE
CYP1B1,A,SwissTargetPrediction,ENSG00000138061,ENSMUSG00000024087,Cyp1b1,ortholog_one2one,81.0313,"116 (Ensembl Genes 116, ensembl_mart_116)",one2one,1,TRUE,Cyp1b1,,FALSE,TRUE
CYP2A3,C,ChEMBL,NA,NA,NA,NA,NA,NA,unmapped,NA,FALSE,NA,,FALSE,FALSE
CYP2A6,C,ChEMBL;SwissTargetPrediction,ENSG00000255974,ENSMUSG00000060407,Cyp2a12,ortholog_many2many,70.7317,"116 (Ensembl Genes 116, ensembl_mart_116)",one2many,4,TRUE,Cyp2a12,,FALSE,FALSE
CYP2A6,C,ChEMBL;SwissTargetPrediction,ENSG00000255974,ENSMUSG00000074254,Cyp2a4,ortholog_many2many,83.6032,"116 (Ensembl Genes 116, ensembl_mart_116)",one2many,4,TRUE,Cyp2a4,,FALSE,FALSE
CYP2A6,C,ChEMBL;SwissTargetPrediction,ENSG00000255974,ENSMUSG00000091867,Cyp2a22,ortholog_many2many,70.5285,"116 (Ensembl Genes 116, ensembl_mart_116)",one2many,4,TRUE,Cyp2a22,,FALSE,FALSE
CYP2A6,C,ChEMBL;SwissTargetPrediction,ENSG00000255974,ENSMUSG00000005547,Cyp2a5,ortholog_many2many,85.2227,"116 (Ensembl Genes 116, ensembl_mart_116)",one2many,4,TRUE,Cyp2a5,,FALSE,FALSE
CYP2C10,C,ChEMBL,NA,NA,NA,NA,NA,NA,unmapped,NA,FALSE,NA,,FALSE,FALSE
CYP2C19,C,ChEMBL,NA,NA,NA,NA,NA,NA,unmapped,NA,FALSE,NA,,FALSE,FALSE
CYP2C9,C,ChEMBL;PharmMapper,NA,NA,NA,NA,NA,NA,unmapped,NA,FALSE,NA,,FALSE,FALSE
CYP2D6,C,ChEMBL,ENSG00000100197,ENSMUSG00000022445,Cyp2d26,ortholog_one2many,71,"116 (Ensembl Genes 116, ensembl_mart_116)",one2many,9,TRUE,Cyp2d26,,FALSE,FALSE
CYP2D6,C,ChEMBL,ENSG00000100197,ENSMUSG00000061740,Cyp2d22,ortholog_one2many,75.2,"116 (Ensembl Genes 116, ensembl_mart_116)",one2many,9,TRUE,Cyp2d22,,TRUE,TRUE
CYP2D6,C,ChEMBL,ENSG00000100197,ENSMUSG00000096852,Cyp2d12,ortholog_one2many,67.6587,"116 (Ensembl Genes 116, ensembl_mart_116)",one2many,9,TRUE,Cyp2d12,,FALSE,FALSE
CYP2D6,C,ChEMBL,ENSG00000100197,ENSMUSG00000094806,Cyp2d10,ortholog_one2many,69.246,"116 (Ensembl Genes 116, ensembl_mart_116)",one2many,9,TRUE,Cyp2d10,,FALSE,FALSE
CYP2D6,C,ChEMBL,ENSG00000100197,ENSMUSG00000068083,Cyp2d40,ortholog_one2many,67.2131,"116 (Ensembl Genes 116, ensembl_mart_116)",one2many,9,TRUE,Cyp2d40,,FALSE,FALSE
CYP2D6,C,ChEMBL,ENSG00000100197,ENSMUSG00000094559,Cyp2d34,ortholog_one2many,68.0556,"116 (Ensembl Genes 116, ensembl_mart_116)",one2many,9,TRUE,Cyp2d34,,FALSE,FALSE
CYP2D6,C,ChEMBL,ENSG00000100197,ENSMUSG00000068086,Cyp2d9,ortholog_one2many,69.246,"116 (Ensembl Genes 116, ensembl_mart_116)",one2many,9,TRUE,Cyp2d9,,FALSE,FALSE
CYP2D6,C,ChEMBL,ENSG00000100197,ENSMUSG00000068085,Cyp2d11,ortholog_one2many,67.4603,"116 (Ensembl Genes 116, ensembl_mart_116)",one2many,9,TRUE,Cyp2d11,,FALSE,FALSE
CYP2D6,C,ChEMBL,ENSG00000100197,ENSMUSG00000118516,Cyp2d13,ortholog_one2many,57.7465,"116 (Ensembl Genes 116, ensembl_mart_116)",one2many,9,TRUE,Cyp2d13,,FALSE,FALSE
CYP2DL1,C,ChEMBL,NA,NA,NA,NA,NA,NA,unmapped,NA,FALSE,NA,,FALSE,FALSE
CYP2E,C,ChEMBL,NA,NA,NA,NA,NA,NA,unmapped,NA,FALSE,NA,,FALSE,FALSE
CYP2E1,C,ChEMBL,ENSG00000130649,ENSMUSG00000025479,Cyp2e1,ortholog_one2one,78.0933,"116 (Ensembl Genes 116, ensembl_mart_116)",one2one,1,TRUE,Cyp2e1,,FALSE,FALSE
CYP3A3,C,ChEMBL,NA,NA,NA,NA,NA,NA,unmapped,NA,FALSE,NA,,FALSE,FALSE
CYP3A4,C,ChEMBL,ENSG00000160868,ENSMUSG00000038656,Cyp3a16,ortholog_many2many,70.2381,"116 (Ensembl Genes 116, ensembl_mart_116)",one2many,9,TRUE,Cyp3a16,,FALSE,FALSE
CYP3A4,C,ChEMBL,ENSG00000160868,ENSMUSG00000075551,Cyp3a41a,ortholog_many2many,71.2302,"116 (Ensembl Genes 116, ensembl_mart_116)",one2many,9,TRUE,Cyp3a41a,,FALSE,FALSE
CYP3A4,C,ChEMBL,ENSG00000160868,ENSMUSG00000029727,Cyp3a13,ortholog_many2many,75.3479,"116 (Ensembl Genes 116, ensembl_mart_116)",one2many,9,TRUE,Cyp3a13,,FALSE,FALSE
CYP3A4,C,ChEMBL,ENSG00000160868,ENSMUSG00000075552,Cyp3a41b,ortholog_many2many,71.2302,"116 (Ensembl Genes 116, ensembl_mart_116)",one2many,9,TRUE,Cyp3a41b,,FALSE,FALSE
CYP3A4,C,ChEMBL,ENSG00000160868,ENSMUSG00000061292,Cyp3a59,ortholog_many2many,68.7873,"116 (Ensembl Genes 116, ensembl_mart_116)",one2many,9,TRUE,Cyp3a59,,FALSE,FALSE
CYP3A4,C,ChEMBL,ENSG00000160868,ENSMUSG00000056035,Cyp3a11,ortholog_many2many,72.619,"116 (Ensembl Genes 116, ensembl_mart_116)",one2many,9,TRUE,Cyp3a11,,FALSE,FALSE
CYP3A4,C,ChEMBL,ENSG00000160868,ENSMUSG00000029630,Cyp3a25,ortholog_many2many,71.173,"116 (Ensembl Genes 116, ensembl_mart_116)",one2many,9,TRUE,Cyp3a25,,FALSE,FALSE
CYP3A4,C,ChEMBL,ENSG00000160868,ENSMUSG00000054417,Cyp3a44,ortholog_many2many,69.4444,"116 (Ensembl Genes 116, ensembl_mart_116)",one2many,9,TRUE,Cyp3a44,,FALSE,FALSE
CYP3A4,C,ChEMBL,ENSG00000160868,ENSMUSG00000070419,Cyp3a57,ortholog_many2many,68.3897,"116 (Ensembl Genes 116, ensembl_mart_116)",one2many,9,TRUE,Cyp3a57,,FALSE,FALSE
CYP5,C,ChEMBL,NA,NA,NA,NA,NA,NA,unmapped,NA,FALSE,NA,,FALSE,FALSE
CYP5A1,C,ChEMBL,NA,NA,NA,NA,NA,NA,unmapped,NA,FALSE,NA,,FALSE,FALSE
CYPIIA6,C,ChEMBL,NA,NA,NA,NA,NA,NA,unmapped,NA,FALSE,NA,,FALSE,FALSE
CYPIIC17,C,ChEMBL,NA,NA,NA,NA,NA,NA,unmapped,NA,FALSE,NA,,FALSE,FALSE
CYPIIC19,C,ChEMBL,NA,NA,NA,NA,NA,NA,unmapped,NA,FALSE,NA,,FALSE,FALSE
CYPIIC9,C,ChEMBL,NA,NA,NA,NA,NA,NA,unmapped,NA,FALSE,NA,,FALSE,FALSE
CYPIID6,C,ChEMBL,NA,NA,NA,NA,NA,NA,unmapped,NA,FALSE,NA,,FALSE,FALSE
CYPIIE1,C,ChEMBL,NA,NA,NA,NA,NA,NA,unmapped,NA,FALSE,NA,,FALSE,FALSE
CYPIIIA3,C,ChEMBL,NA,NA,NA,NA,NA,NA,unmapped,NA,FALSE,NA,,FALSE,FALSE
CYPIIIA4,C,ChEMBL,NA,NA,NA,NA,NA,NA,unmapped,NA,FALSE,NA,,FALSE,FALSE
CYSLT1,C,ChEMBL,NA,NA,NA,NA,NA,NA,unmapped,NA,FALSE,NA,,FALSE,FALSE
CYSLTR1,C,ChEMBL,ENSG00000173198,ENSMUSG00000052821,Cysltr1,ortholog_one2one,83.8068,"116 (Ensembl Genes 116, ensembl_mart_116)",one2one,1,TRUE,Cysltr1,,FALSE,FALSE
DAT,C,ChEMBL,NA,NA,NA,NA,NA,NA,unmapped,NA,FALSE,NA,,FALSE,FALSE
DAT1,C,ChEMBL,NA,NA,NA,NA,NA,NA,unmapped,NA,FALSE,NA,,FALSE,FALSE
DPP4,B,PharmMapper,ENSG00000197635,ENSMUSG00000035000,Dpp4,ortholog_one2one,85.1316,"116 (Ensembl Genes 116, ensembl_mart_116)",one2one,1,TRUE,Dpp4,,FALSE,FALSE
DRD1,C,ChEMBL,ENSG00000184845,ENSMUSG00000021478,Drd1,ortholog_one2one,91.0314,"116 (Ensembl Genes 116, ensembl_mart_116)",one2one,1,TRUE,Drd1,,FALSE,FALSE
DRD2,C,ChEMBL,ENSG00000149295,ENSMUSG00000032259,Drd2,ortholog_one2one,95.4955,"116 (Ensembl Genes 116, ensembl_mart_116)",one2one,1,TRUE,Drd2,,FALSE,FALSE
DRD3,C,ChEMBL,ENSG00000151577,ENSMUSG00000022705,Drd3,ortholog_one2one,75.523,"116 (Ensembl Genes 116, ensembl_mart_116)",one2one,1,TRUE,Drd3,,FALSE,FALSE
DRD4,C,ChEMBL;SwissTargetPrediction,ENSG00000069696,ENSMUSG00000025496,Drd4,ortholog_one2one,78.8114,"116 (Ensembl Genes 116, ensembl_mart_116)",one2one,1,TRUE,Drd4,,FALSE,FALSE
DUSP6,B,PharmMapper,ENSG00000139318,ENSMUSG00000019960,Dusp6,ortholog_one2one,98.1627,"116 (Ensembl Genes 116, ensembl_mart_116)",one2one,1,TRUE,Dusp6,,TRUE,TRUE
EDNRA,C,ChEMBL,ENSG00000151617,ENSMUSG00000031616,Ednra,ortholog_one2one,92.2717,"116 (Ensembl Genes 116, ensembl_mart_116)",one2one,1,TRUE,Ednra,,TRUE,TRUE
EGFR,C,ChEMBL;PharmMapper;SwissTargetPrediction,ENSG00000146648,ENSMUSG00000020122,Egfr,ortholog_one2one,90.4959,"116 (Ensembl Genes 116, ensembl_mart_116)",one2one,1,TRUE,Egfr,,TRUE,TRUE
EGLN2,C,SwissTargetPrediction,ENSG00000269858,ENSMUSG00000058709,Egln2,ortholog_one2one,86.8735,"116 (Ensembl Genes 116, ensembl_mart_116)",one2one,1,TRUE,Egln2,,TRUE,TRUE
ELA2,C,ChEMBL,NA,NA,NA,NA,NA,NA,unmapped,NA,FALSE,NA,,FALSE,FALSE
ELANE,C,ChEMBL,ENSG00000197561,ENSMUSG00000020125,Elane,ortholog_one2one,72.4528,"116 (Ensembl Genes 116, ensembl_mart_116)",one2one,1,TRUE,Elane,,FALSE,FALSE
EP300,C,SwissTargetPrediction,ENSG00000100393,ENSMUSG00000055024,Ep300,ortholog_one2one,93.9884,"116 (Ensembl Genes 116, ensembl_mart_116)",one2one,1,TRUE,Ep300,,TRUE,TRUE
EPHB4,C,PharmMapper,ENSG00000196411,ENSMUSG00000029710,Ephb4,ortholog_one2one,92.9078,"116 (Ensembl Genes 116, ensembl_mart_116)",one2one,1,TRUE,Ephb4,,FALSE,FALSE
EPHX1,C,SwissTargetPrediction,ENSG00000143819,ENSMUSG00000038776,Ephx1,ortholog_one2one,83.5165,"116 (Ensembl Genes 116, ensembl_mart_116)",one2one,1,TRUE,Ephx1,,TRUE,TRUE
ERBB,C,ChEMBL,NA,NA,NA,NA,NA,NA,unmapped,NA,FALSE,NA,,FALSE,FALSE
ERBB1,C,ChEMBL,NA,NA,NA,NA,NA,NA,unmapped,NA,FALSE,NA,,FALSE,FALSE
ERBB2,C,ChEMBL,ENSG00000141736,ENSMUSG00000062312,Erbb2,ortholog_one2one,87.5796,"116 (Ensembl Genes 116, ensembl_mart_116)",one2one,1,TRUE,Erbb2,,FALSE,FALSE
ERG,C,ChEMBL,ENSG00000157554,ENSMUSG00000040732,Erg,ortholog_one2one,97.0772,"116 (Ensembl Genes 116, ensembl_mart_116)",one2one,1,TRUE,Erg,,FALSE,FALSE
ERG1,C,ChEMBL,NA,NA,NA,NA,NA,NA,unmapped,NA,FALSE,NA,,FALSE,FALSE
ERK1,C,ChEMBL,NA,NA,NA,NA,NA,NA,unmapped,NA,FALSE,NA,,FALSE,FALSE
ERK2,C,ChEMBL,NA,NA,NA,NA,NA,NA,unmapped,NA,FALSE,NA,,FALSE,FALSE
ERT1,C,ChEMBL,NA,NA,NA,NA,NA,NA,unmapped,NA,FALSE,NA,,FALSE,FALSE
ERT2,C,ChEMBL,NA,NA,NA,NA,NA,NA,unmapped,NA,FALSE,NA,,FALSE,FALSE
ESR,C,ChEMBL,NA,NA,NA,NA,NA,NA,unmapped,NA,FALSE,NA,,FALSE,FALSE
ESR1,B,ChEMBL;PharmMapper;SwissTargetPrediction,ENSG00000091831,ENSMUSG00000019768,Esr1,ortholog_one2one,88.9816,"116 (Ensembl Genes 116, ensembl_mart_116)",one2one,1,TRUE,Esr1,,FALSE,FALSE
ESR2,C,ChEMBL;PharmMapper;SwissTargetPrediction,ENSG00000140009,ENSMUSG00000021055,Esr2,ortholog_one2one,85.6102,"116 (Ensembl Genes 116, ensembl_mart_116)",one2one,1,TRUE,Esr2,,FALSE,FALSE
ESTRB,C,ChEMBL,NA,NA,NA,NA,NA,NA,unmapped,NA,FALSE,NA,,FALSE,FALSE
ETA,C,ChEMBL,NA,NA,NA,NA,NA,NA,unmapped,NA,FALSE,NA,,FALSE,FALSE
ETRA,C,ChEMBL,NA,NA,NA,NA,NA,NA,unmapped,NA,FALSE,NA,,FALSE,FALSE
FBP1,C,SwissTargetPrediction,ENSG00000165140,ENSMUSG00000069805,Fbp1,ortholog_one2one,84.9112,"116 (Ensembl Genes 116, ensembl_mart_116)",one2one,1,TRUE,Fbp1,,FALSE,FALSE
FGFR1,C,PharmMapper,ENSG00000077782,ENSMUSG00000031565,Fgfr1,ortholog_one2one,98.4146,"116 (Ensembl Genes 116, ensembl_mart_116)",one2one,1,TRUE,Fgfr1,,FALSE,FALSE
FLT,C,ChEMBL,NA,NA,NA,NA,NA,NA,unmapped,NA,FALSE,NA,,FALSE,FALSE
FLT1,C,ChEMBL,ENSG00000102755,ENSMUSG00000029648,Flt1,ortholog_one2one,81.9955,"116 (Ensembl Genes 116, ensembl_mart_116)",one2one,1,TRUE,Flt1,,TRUE,TRUE
FRT,C,ChEMBL,NA,NA,NA,NA,NA,NA,unmapped,NA,FALSE,NA,,FALSE,FALSE
FYN,C,ChEMBL;SwissTargetPrediction,ENSG00000010810,ENSMUSG00000019843,Fyn,ortholog_one2one,99.4413,"116 (Ensembl Genes 116, ensembl_mart_116)",one2one,1,TRUE,Fyn,,FALSE,FALSE
GALR1,C,SwissTargetPrediction,ENSG00000166573,ENSMUSG00000024553,Galr1,ortholog_one2one,91.954,"116 (Ensembl Genes 116, ensembl_mart_116)",one2one,1,TRUE,Galr1,,FALSE,FALSE
GELB,C,ChEMBL,NA,NA,NA,NA,NA,NA,unmapped,NA,FALSE,NA,,FALSE,FALSE
GLP1R,C,ChEMBL,ENSG00000112164,ENSMUSG00000024027,Glp1r,ortholog_one2one,92.0086,"116 (Ensembl Genes 116, ensembl_mart_116)",one2one,1,TRUE,Glp1r,,FALSE,FALSE
GMNN,C,ChEMBL,ENSG00000112312,ENSMUSG00000006715,Gmnn,ortholog_one2one,78.6408,"116 (Ensembl Genes 116, ensembl_mart_116)",one2one,1,TRUE,Gmnn,,FALSE,FALSE
GRL,C,ChEMBL,NA,NA,NA,NA,NA,NA,unmapped,NA,FALSE,NA,,FALSE,FALSE
GRM5,C,SwissTargetPrediction,ENSG00000168959,ENSMUSG00000049583,Grm5,ortholog_one2one,95.9863,"116 (Ensembl Genes 116, ensembl_mart_116)",one2one,1,TRUE,Grm5,,FALSE,FALSE
GSTA1,B,PharmMapper,NA,NA,NA,NA,NA,NA,unmapped,NA,FALSE,NA,,FALSE,FALSE
H1R,C,ChEMBL,NA,NA,NA,NA,NA,NA,unmapped,NA,FALSE,NA,,FALSE,FALSE
H2R,C,ChEMBL,NA,NA,NA,NA,NA,NA,unmapped,NA,FALSE,NA,,FALSE,FALSE
HDAC6,C,SwissTargetPrediction,ENSG00000094631,ENSMUSG00000031161,Hdac6,ortholog_one2one,78.0679,"116 (Ensembl Genes 116, ensembl_mart_116)",one2one,1,TRUE,Hdac6,,TRUE,TRUE
HER1,C,ChEMBL,NA,NA,NA,NA,NA,NA,unmapped,NA,FALSE,NA,,FALSE,FALSE
HER2,C,ChEMBL,NA,NA,NA,NA,NA,NA,unmapped,NA,FALSE,NA,,FALSE,FALSE
HERG,C,ChEMBL,NA,NA,NA,NA,NA,NA,unmapped,NA,FALSE,NA,,FALSE,FALSE
HH1R,C,ChEMBL,NA,NA,NA,NA,NA,NA,unmapped,NA,FALSE,NA,,FALSE,FALSE
HH2R,C,ChEMBL,NA,NA,NA,NA,NA,NA,unmapped,NA,FALSE,NA,,FALSE,FALSE
HLE,C,ChEMBL,NA,NA,NA,NA,NA,NA,unmapped,NA,FALSE,NA,,FALSE,FALSE
HMGCR,C,ChEMBL;PharmMapper,ENSG00000113161,ENSMUSG00000021670,Hmgcr,ortholog_one2one,93.5738,"116 (Ensembl Genes 116, ensembl_mart_116)",one2one,1,TRUE,Hmgcr,,FALSE,FALSE
HMTMF81,C,ChEMBL,NA,NA,NA,NA,NA,NA,unmapped,NA,FALSE,NA,,FALSE,FALSE
HPN,C,SwissTargetPrediction,ENSG00000105707,ENSMUSG00000001249,Hpn,ortholog_one2one,87.9808,"116 (Ensembl Genes 116, ensembl_mart_116)",one2one,1,TRUE,Hpn,,FALSE,FALSE
HPRT1,A,SwissTargetPrediction,ENSG00000165704,ENSMUSG00000025630,Hprt1,ortholog_one2one,96.789,"116 (Ensembl Genes 116, ensembl_mart_116)",one2one,1,TRUE,Hprt,Ensembl display name Hprt1 for ENSMUSG00000025630; GEO matrix symbol Hprt (verified in corrected_expr.csv),TRUE,TRUE
HRH1,C,ChEMBL,ENSG00000196639,ENSMUSG00000053004,Hrh1,ortholog_one2one,78.0738,"116 (Ensembl Genes 116, ensembl_mart_116)",one2one,1,TRUE,Hrh1,,FALSE,FALSE
HRH2,C,ChEMBL,ENSG00000113749,ENSMUSG00000034987,Hrh2,ortholog_one2one,80.3526,"116 (Ensembl Genes 116, ensembl_mart_116)",one2one,1,TRUE,Hrh2,,FALSE,FALSE
HSD11B1,C,PharmMapper,ENSG00000117594,ENSMUSG00000016194,Hsd11b1,ortholog_one2one,77.7397,"116 (Ensembl Genes 116, ensembl_mart_116)",one2one,1,TRUE,Hsd11b1,,TRUE,TRUE
HSD17B1,C,PharmMapper,ENSG00000108786,ENSMUSG00000019301,Hsd17b1,ortholog_one2one,63.0814,"116 (Ensembl Genes 116, ensembl_mart_116)",one2one,1,TRUE,Hsd17b1,,FALSE,FALSE
HTR1C,C,ChEMBL,NA,NA,NA,NA,NA,NA,unmapped,NA,FALSE,NA,,FALSE,FALSE
HTR2,C,ChEMBL,NA,NA,NA,NA,NA,NA,unmapped,NA,FALSE,NA,,FALSE,FALSE
HTR2A,C,ChEMBL,ENSG00000102468,ENSMUSG00000034997,Htr2a,ortholog_one2one,91.5074,"116 (Ensembl Genes 116, ensembl_mart_116)",one2one,1,TRUE,Htr2a,,FALSE,FALSE
HTR2B,C,ChEMBL;SwissTargetPrediction,ENSG00000135914,ENSMUSG00000026228,Htr2b,ortholog_one2one,83.5073,"116 (Ensembl Genes 116, ensembl_mart_116)",one2one,1,TRUE,Htr2b,,FALSE,FALSE
HTR2C,C,ChEMBL,ENSG00000147246,ENSMUSG00000041380,Htr2c,ortholog_one2one,90.4139,"116 (Ensembl Genes 116, ensembl_mart_116)",one2one,1,TRUE,Htr2c,,FALSE,FALSE
HTR6,C,ChEMBL;SwissTargetPrediction,ENSG00000158748,ENSMUSG00000028747,Htr6,ortholog_one2one,87.9545,"116 (Ensembl Genes 116, ensembl_mart_116)",one2one,1,TRUE,Htr6,,FALSE,FALSE
HTT,C,ChEMBL,ENSG00000197386,ENSMUSG00000029104,Htt,ortholog_one2one,90.8654,"116 (Ensembl Genes 116, ensembl_mart_116)",one2one,1,TRUE,Htt,,FALSE,FALSE
ICE,C,ChEMBL,NA,NA,NA,NA,NA,NA,unmapped,NA,FALSE,NA,,FALSE,FALSE
IDO1,C,SwissTargetPrediction,ENSG00000131203,ENSMUSG00000031551,Ido1,ortholog_one2one,60.9337,"116 (Ensembl Genes 116, ensembl_mart_116)",one2one,1,TRUE,Ido1,,FALSE,FALSE
IL1BC,C,ChEMBL,NA,NA,NA,NA,NA,NA,unmapped,NA,FALSE,NA,,FALSE,FALSE
IL1BCE,C,ChEMBL,NA,NA,NA,NA,NA,NA,unmapped,NA,FALSE,NA,,FALSE,FALSE
IL8RA,C,ChEMBL,NA,NA,NA,NA,NA,NA,unmapped,NA,FALSE,NA,,FALSE,FALSE
IL8RB,C,ChEMBL,NA,NA,NA,NA,NA,NA,unmapped,NA,FALSE,NA,,FALSE,FALSE
JHDM3A,C,ChEMBL,NA,NA,NA,NA,NA,NA,unmapped,NA,FALSE,NA,,FALSE,FALSE
JMJD2,C,ChEMBL,NA,NA,NA,NA,NA,NA,unmapped,NA,FALSE,NA,,FALSE,FALSE
JMJD2A,C,ChEMBL,NA,NA,NA,NA,NA,NA,unmapped,NA,FALSE,NA,,FALSE,FALSE
KCNA3,C,SwissTargetPrediction,ENSG00000177272,ENSMUSG00000047959,Kcna3,ortholog_one2one,96.5909,"116 (Ensembl Genes 116, ensembl_mart_116)",one2one,1,TRUE,Kcna3,,FALSE,FALSE
KCNH2,C,ChEMBL,ENSG00000055118,ENSMUSG00000038319,Kcnh2,ortholog_one2one,95.7831,"116 (Ensembl Genes 116, ensembl_mart_116)",one2one,1,TRUE,Kcnh2,,TRUE,TRUE
KCNN4,C,SwissTargetPrediction,ENSG00000104783,ENSMUSG00000054342,Kcnn4,ortholog_one2one,87.2941,"116 (Ensembl Genes 116, ensembl_mart_116)",one2one,1,TRUE,Kcnn4,,FALSE,FALSE
KDM4A,C,ChEMBL,ENSG00000066135,ENSMUSG00000033326,Kdm4a,ortholog_one2one,93.609,"116 (Ensembl Genes 116, ensembl_mart_116)",one2one,1,TRUE,Kdm4a,,FALSE,FALSE
KIAA0677,C,ChEMBL,NA,NA,NA,NA,NA,NA,unmapped,NA,FALSE,NA,,FALSE,FALSE
KPNB1,C,ChEMBL,ENSG00000108424,ENSMUSG00000001440,Kpnb1,ortholog_one2one,99.2009,"116 (Ensembl Genes 116, ensembl_mart_116)",one2one,1,TRUE,Kpnb1,,TRUE,TRUE
LCK,C,ChEMBL;PharmMapper,ENSG00000182866,ENSMUSG00000000409,Lck,ortholog_one2one,96.8566,"116 (Ensembl Genes 116, ensembl_mart_116)",one2one,1,TRUE,Lck,,FALSE,FALSE
LRRK2,C,SwissTargetPrediction,ENSG00000188906,ENSMUSG00000036273,Lrrk2,ortholog_one2one,86.6245,"116 (Ensembl Genes 116, ensembl_mart_116)",one2one,1,TRUE,Lrrk2,,TRUE,TRUE
LSK,C,ChEMBL,NA,NA,NA,NA,NA,NA,unmapped,NA,FALSE,NA,,FALSE,FALSE
LST1,C,ChEMBL,ENSG00000204482,ENSMUSG00000073412,Lst1,ortholog_one2one,54.8387,"116 (Ensembl Genes 116, ensembl_mart_116)",one2one,1,TRUE,Lst1,,TRUE,TRUE
LST2,C,ChEMBL,NA,NA,NA,NA,NA,NA,unmapped,NA,FALSE,NA,,FALSE,FALSE
M31,C,ChEMBL,NA,NA,NA,NA,NA,NA,unmapped,NA,FALSE,NA,,FALSE,FALSE
MADH3,C,ChEMBL,NA,NA,NA,NA,NA,NA,unmapped,NA,FALSE,NA,,FALSE,FALSE
MAOA,A,ChEMBL;PharmMapper;SwissTargetPrediction,ENSG00000189221,ENSMUSG00000025037,Maoa,ortholog_one2one,87.4525,"116 (Ensembl Genes 116, ensembl_mart_116)",one2one,1,TRUE,Maoa,,FALSE,FALSE
MAOB,C,PharmMapper;SwissTargetPrediction,ENSG00000069535,ENSMUSG00000040147,Maob,ortholog_one2one,88.6538,"116 (Ensembl Genes 116, ensembl_mart_116)",one2one,1,TRUE,Maob,,TRUE,TRUE
MAP2K1,B,PharmMapper,ENSG00000169032,ENSMUSG00000004936,Map2k1,ortholog_one2one,98.9822,"116 (Ensembl Genes 116, ensembl_mart_116)",one2one,1,TRUE,Map2k1,,TRUE,TRUE
MAPK1,C,ChEMBL;PharmMapper,ENSG00000100030,ENSMUSG00000063358,Mapk1,ortholog_one2one,99.162,"116 (Ensembl Genes 116, ensembl_mart_116)",one2one,1,TRUE,Mapk1,,TRUE,TRUE
MAPK14,B,ChEMBL;PharmMapper,ENSG00000112062,ENSMUSG00000053436,Mapk14,ortholog_one2one,98.2558,"116 (Ensembl Genes 116, ensembl_mart_116)",one2one,1,TRUE,Mapk14,,TRUE,TRUE
MAPK3,C,ChEMBL,ENSG00000102882,ENSMUSG00000063065,Mapk3,ortholog_one2one,96.5789,"116 (Ensembl Genes 116, ensembl_mart_116)",one2one,1,TRUE,Mapk3,,TRUE,TRUE
MAPKAPK2,B,PharmMapper,ENSG00000162889,ENSMUSG00000016528,Mapkapk2,ortholog_one2one,95.8549,"116 (Ensembl Genes 116, ensembl_mart_116)",one2one,1,TRUE,Mapkapk2,,TRUE,TRUE
MBNL1,C,SwissTargetPrediction,ENSG00000152601,ENSMUSG00000027763,Mbnl1,ortholog_one2one,96.9605,"116 (Ensembl Genes 116, ensembl_mart_116)",one2one,1,TRUE,Mbnl1,,TRUE,TRUE
MC3R,C,ChEMBL,ENSG00000124089,ENSMUSG00000038537,Mc3r,ortholog_one2one,88.8545,"116 (Ensembl Genes 116, ensembl_mart_116)",one2one,1,TRUE,Mc3r,,FALSE,FALSE
MC4R,C,ChEMBL,ENSG00000166603,ENSMUSG00000047259,Mc4r,ortholog_one2one,93.9759,"116 (Ensembl Genes 116, ensembl_mart_116)",one2one,1,TRUE,Mc4r,,FALSE,FALSE
MC5R,C,ChEMBL,ENSG00000176136,ENSMUSG00000007480,Mc5r,ortholog_one2one,80.3077,"116 (Ensembl Genes 116, ensembl_mart_116)",one2one,1,TRUE,Mc5r,,FALSE,FALSE
MDR1,C,ChEMBL,NA,NA,NA,NA,NA,NA,unmapped,NA,FALSE,NA,,FALSE,FALSE
MET,B,PharmMapper,ENSG00000105976,ENSMUSG00000009376,Met,ortholog_one2one,89.6302,"116 (Ensembl Genes 116, ensembl_mart_116)",one2one,1,TRUE,Met,,FALSE,FALSE
MGLL,C,SwissTargetPrediction,ENSG00000074416,ENSMUSG00000033174,Mgll,ortholog_one2one,82.8383,"116 (Ensembl Genes 116, ensembl_mart_116)",one2one,1,TRUE,Mgll,,TRUE,TRUE
MIF,C,SwissTargetPrediction,ENSG00000240972,ENSMUSG00000033307,Mif,ortholog_one2one,86.087,"116 (Ensembl Genes 116, ensembl_mart_116)",one2one,1,TRUE,Mif,,TRUE,TRUE
MLN19,C,ChEMBL,NA,NA,NA,NA,NA,NA,unmapped,NA,FALSE,NA,,FALSE,FALSE
MMP1,C,ChEMBL,ENSG00000196611,ENSMUSG00000041620,Mmp1b,ortholog_one2many,57.2354,"116 (Ensembl Genes 116, ensembl_mart_116)",one2many,2,TRUE,Mmp1b,,FALSE,FALSE
MMP1,C,ChEMBL,ENSG00000196611,ENSMUSG00000043089,Mmp1a,ortholog_one2many,59.2672,"116 (Ensembl Genes 116, ensembl_mart_116)",one2many,2,TRUE,Mmp1a,,FALSE,FALSE
MMP2,C,PharmMapper;SwissTargetPrediction,ENSG00000087245,ENSMUSG00000031740,Mmp2,ortholog_one2one,95.6193,"116 (Ensembl Genes 116, ensembl_mart_116)",one2one,1,TRUE,Mmp2,,TRUE,TRUE
MMP8,C,SwissTargetPrediction,ENSG00000118113,ENSMUSG00000005800,Mmp8,ortholog_one2one,73.7634,"116 (Ensembl Genes 116, ensembl_mart_116)",one2one,1,TRUE,Mmp8,,FALSE,FALSE
MMP9,C,ChEMBL;SwissTargetPrediction,ENSG00000100985,ENSMUSG00000017737,Mmp9,ortholog_one2one,72.0548,"116 (Ensembl Genes 116, ensembl_mart_116)",one2one,1,TRUE,Mmp9,,FALSE,FALSE
MOP,C,ChEMBL,NA,NA,NA,NA,NA,NA,unmapped,NA,FALSE,NA,,FALSE,FALSE
MOR1,C,ChEMBL,NA,NA,NA,NA,NA,NA,unmapped,NA,FALSE,NA,,FALSE,FALSE
MXI2,C,ChEMBL,NA,NA,NA,NA,NA,NA,unmapped,NA,FALSE,NA,,FALSE,FALSE
NAAA,C,SwissTargetPrediction,ENSG00000138744,ENSMUSG00000029413,Naaa,ortholog_one2one,64.0845,"116 (Ensembl Genes 116, ensembl_mart_116)",one2one,1,TRUE,Naaa,,FALSE,FALSE
NAT1,C,ChEMBL,ENSG00000171428,ENSMUSG00000051147,Nat2,ortholog_many2many,82.069,"116 (Ensembl Genes 116, ensembl_mart_116)",one2many,3,TRUE,Nat2,,FALSE,FALSE
NAT1,C,ChEMBL,ENSG00000171428,ENSMUSG00000056426,Nat3,ortholog_many2many,68.2759,"116 (Ensembl Genes 116, ensembl_mart_116)",one2many,3,TRUE,Nat3,,FALSE,FALSE
NAT1,C,ChEMBL,ENSG00000171428,ENSMUSG00000025588,Nat1,ortholog_many2many,74.0614,"116 (Ensembl Genes 116, ensembl_mart_116)",one2many,3,TRUE,Nat1,,FALSE,FALSE
NET,C,ChEMBL,NA,NA,NA,NA,NA,NA,unmapped,NA,FALSE,NA,,FALSE,FALSE
NET1,C,ChEMBL,ENSG00000173848,ENSMUSG00000021215,Net1,ortholog_one2one,84.1035,"116 (Ensembl Genes 116, ensembl_mart_116)",one2one,1,TRUE,Net1,,TRUE,TRUE
NEU,C,ChEMBL,NA,NA,NA,NA,NA,NA,unmapped,NA,FALSE,NA,,FALSE,FALSE
NFE2L2,C,ChEMBL;SwissTargetPrediction,ENSG00000116044,ENSMUSG00000015839,Nfe2l2,ortholog_one2one,82.077,"116 (Ensembl Genes 116, ensembl_mart_116)",one2one,1,TRUE,Nfe2l2,,FALSE,FALSE
NGL,C,ChEMBL,NA,NA,NA,NA,NA,NA,unmapped,NA,FALSE,NA,,FALSE,FALSE
NK1R,C,ChEMBL,NA,NA,NA,NA,NA,NA,unmapped,NA,FALSE,NA,,FALSE,FALSE
NK2R,C,ChEMBL,NA,NA,NA,NA,NA,NA,unmapped,NA,FALSE,NA,,FALSE,FALSE
NKNAR,C,ChEMBL,NA,NA,NA,NA,NA,NA,unmapped,NA,FALSE,NA,,FALSE,FALSE
NOTUM,C,SwissTargetPrediction,ENSG00000185269,ENSMUSG00000042988,Notum,ortholog_one2one,89.4632,"116 (Ensembl Genes 116, ensembl_mart_116)",one2one,1,TRUE,Notum,,FALSE,FALSE
NPY1R,C,ChEMBL,ENSG00000164128,ENSMUSG00000036437,Npy1r,ortholog_one2one,93.7173,"116 (Ensembl Genes 116, ensembl_mart_116)",one2one,1,TRUE,Npy1r,,TRUE,TRUE
NPY2R,C,ChEMBL,ENSG00000185149,ENSMUSG00000028004,Npy2r,ortholog_one2one,94.4882,"116 (Ensembl Genes 116, ensembl_mart_116)",one2one,1,TRUE,Npy2r,,TRUE,TRUE
NPYR,C,ChEMBL,NA,NA,NA,NA,NA,NA,unmapped,NA,FALSE,NA,,FALSE,FALSE
NPYY1,C,ChEMBL,NA,NA,NA,NA,NA,NA,unmapped,NA,FALSE,NA,,FALSE,FALSE
NQO1,C,PharmMapper;SwissTargetPrediction,ENSG00000181019,ENSMUSG00000003849,Nqo1,ortholog_one2one,86.4964,"116 (Ensembl Genes 116, ensembl_mart_116)",one2one,1,TRUE,Nqo1,,FALSE,FALSE
NQO2,C,SwissTargetPrediction,ENSG00000124588,ENSMUSG00000046949,Nqo2,ortholog_one2one,80.9524,"116 (Ensembl Genes 116, ensembl_mart_116)",one2one,1,TRUE,Nqo2,,TRUE,TRUE
NR3A1,C,ChEMBL,NA,NA,NA,NA,NA,NA,unmapped,NA,FALSE,NA,,FALSE,FALSE
NR3A2,C,ChEMBL,NA,NA,NA,NA,NA,NA,unmapped,NA,FALSE,NA,,FALSE,FALSE
NR3C1,B,ChEMBL;PharmMapper;SwissTargetPrediction,ENSG00000113580,ENSMUSG00000024431,Nr3c1,ortholog_one2one,88.5101,"116 (Ensembl Genes 116, ensembl_mart_116)",one2one,1,TRUE,Nr3c1,,FALSE,FALSE
NR3C2,B,PharmMapper,ENSG00000151623,ENSMUSG00000031618,Nr3c2,ortholog_one2one,91.2245,"116 (Ensembl Genes 116, ensembl_mart_116)",one2one,1,TRUE,Nr3c2,,FALSE,FALSE
NRF2,C,ChEMBL,NA,NA,NA,NA,NA,NA,unmapped,NA,FALSE,NA,,FALSE,FALSE
NTF97,C,ChEMBL,NA,NA,NA,NA,NA,NA,unmapped,NA,FALSE,NA,,FALSE,FALSE
OATP1B1,C,ChEMBL,NA,NA,NA,NA,NA,NA,unmapped,NA,FALSE,NA,,FALSE,FALSE
OATP1B3,C,ChEMBL,NA,NA,NA,NA,NA,NA,unmapped,NA,FALSE,NA,,FALSE,FALSE
OATP2,C,ChEMBL,NA,NA,NA,NA,NA,NA,unmapped,NA,FALSE,NA,,FALSE,FALSE
OATP8,C,ChEMBL,NA,NA,NA,NA,NA,NA,unmapped,NA,FALSE,NA,,FALSE,FALSE
OATPC,C,ChEMBL,NA,NA,NA,NA,NA,NA,unmapped,NA,FALSE,NA,,FALSE,FALSE
OPRD,C,ChEMBL,NA,NA,NA,NA,NA,NA,unmapped,NA,FALSE,NA,,FALSE,FALSE
OPRD1,C,ChEMBL,ENSG00000116329,ENSMUSG00000050511,Oprd1,ortholog_one2one,93.5484,"116 (Ensembl Genes 116, ensembl_mart_116)",one2one,1,TRUE,Oprd1,,FALSE,FALSE
OPRK,C,ChEMBL,NA,NA,NA,NA,NA,NA,unmapped,NA,FALSE,NA,,FALSE,FALSE
OPRK1,C,ChEMBL,ENSG00000082556,ENSMUSG00000025905,Oprk1,ortholog_one2one,93.6842,"116 (Ensembl Genes 116, ensembl_mart_116)",one2one,1,TRUE,Oprk1,,FALSE,FALSE
OPRM1,C,ChEMBL,ENSG00000112038,ENSMUSG00000000766,Oprm1,ortholog_one2one,93.3333,"116 (Ensembl Genes 116, ensembl_mart_116)",one2one,1,TRUE,Oprm1,,FALSE,FALSE
OPRS1,C,ChEMBL,NA,NA,NA,NA,NA,NA,unmapped,NA,FALSE,NA,,FALSE,FALSE
P2RX7,C,SwissTargetPrediction,ENSG00000089041,ENSMUSG00000029468,P2rx7,ortholog_one2one,80.8403,"116 (Ensembl Genes 116, ensembl_mart_116)",one2one,1,TRUE,P2rx7,,FALSE,FALSE
P2RY6,C,SwissTargetPrediction,ENSG00000171631,ENSMUSG00000048779,P2ry6,ortholog_one2one,86.5854,"116 (Ensembl Genes 116, ensembl_mart_116)",one2one,1,TRUE,P2ry6,,TRUE,TRUE
PAFR,C,ChEMBL,NA,NA,NA,NA,NA,NA,unmapped,NA,FALSE,NA,,FALSE,FALSE
PDE10A,C,SwissTargetPrediction,ENSG00000112541,ENSMUSG00000023868,Pde10a,ortholog_one2one,94.0955,"116 (Ensembl Genes 116, ensembl_mart_116)",one2one,1,TRUE,Pde10a,,FALSE,FALSE
PDE2A,C,SwissTargetPrediction,ENSG00000186642,ENSMUSG00000110195,Pde2a,ortholog_one2one,93.9037,"116 (Ensembl Genes 116, ensembl_mart_116)",one2one,1,TRUE,Pde2a,,TRUE,TRUE
PDE4B,C,PharmMapper;SwissTargetPrediction,ENSG00000184588,ENSMUSG00000028525,Pde4b,ortholog_one2one,94.5035,"116 (Ensembl Genes 116, ensembl_mart_116)",one2one,1,TRUE,Pde4b,,FALSE,FALSE
PDE5,C,ChEMBL,NA,NA,NA,NA,NA,NA,unmapped,NA,FALSE,NA,,FALSE,FALSE
PDE5A,C,ChEMBL,ENSG00000138735,ENSMUSG00000053965,Pde5a,ortholog_one2one,93.7575,"116 (Ensembl Genes 116, ensembl_mart_116)",one2one,1,TRUE,Pde5a,,FALSE,FALSE
PGF,B,PharmMapper,ENSG00000119630,ENSMUSG00000004791,Pgf,ortholog_one2one,62.3457,"116 (Ensembl Genes 116, ensembl_mart_116)",one2one,1,TRUE,Pgf,,FALSE,FALSE
PGR,C,PharmMapper,ENSG00000082175,ENSMUSG00000031870,Pgr,ortholog_one2one,80.5616,"116 (Ensembl Genes 116, ensembl_mart_116)",one2one,1,TRUE,Pgr,,FALSE,FALSE
PGY1,C,ChEMBL,NA,NA,NA,NA,NA,NA,unmapped,NA,FALSE,NA,,FALSE,FALSE
PIM1,C,PharmMapper,ENSG00000137193,ENSMUSG00000024014,Pim1,ortholog_one2one,94.2492,"116 (Ensembl Genes 116, ensembl_mart_116)",one2one,1,TRUE,Pim1,,FALSE,FALSE
PIN1,C,ChEMBL,ENSG00000127445,ENSMUSG00000032171,Pin1,ortholog_one2many,93.9394,"116 (Ensembl Genes 116, ensembl_mart_116)",one2many,2,TRUE,Pin1,,FALSE,FALSE
PIN1,C,ChEMBL,ENSG00000127445,ENSMUSG00000074997,Pin1rt1,ortholog_one2many,92.4528,"116 (Ensembl Genes 116, ensembl_mart_116)",one2many,2,TRUE,Pin1rt1,,FALSE,FALSE
PKCA,C,ChEMBL,NA,NA,NA,NA,NA,NA,unmapped,NA,FALSE,NA,,FALSE,FALSE
POLI,C,ChEMBL,ENSG00000101751,ENSMUSG00000038425,Poli,ortholog_one2one,76.7978,"116 (Ensembl Genes 116, ensembl_mart_116)",one2one,1,TRUE,Poli,,TRUE,TRUE
PPARA,C,PharmMapper;SwissTargetPrediction,ENSG00000186951,ENSMUSG00000022383,Ppara,ortholog_one2one,92.3077,"116 (Ensembl Genes 116, ensembl_mart_116)",one2one,1,TRUE,Ppara,,FALSE,FALSE
PPP3CA,C,ChEMBL,ENSG00000138814,ENSMUSG00000028161,Ppp3ca,ortholog_one2one,97.1564,"116 (Ensembl Genes 116, ensembl_mart_116)",one2one,1,TRUE,Ppp3ca,,TRUE,TRUE
PPP5C,C,PharmMapper,ENSG00000011485,ENSMUSG00000003099,Ppp5c,ortholog_one2one,97.7956,"116 (Ensembl Genes 116, ensembl_mart_116)",one2one,1,TRUE,Ppp5c,,TRUE,TRUE
PRKACA,C,ChEMBL;PharmMapper,ENSG00000072062,ENSMUSG00000005469,Prkaca,ortholog_one2one,98.0057,"116 (Ensembl Genes 116, ensembl_mart_116)",one2one,1,TRUE,Prkaca,,TRUE,TRUE
PRKCA,C,ChEMBL,ENSG00000154229,ENSMUSG00000050965,Prkca,ortholog_one2one,99.4048,"116 (Ensembl Genes 116, ensembl_mart_116)",one2one,1,TRUE,Prkca,,TRUE,TRUE
PRKM1,C,ChEMBL,NA,NA,NA,NA,NA,NA,unmapped,NA,FALSE,NA,,FALSE,FALSE
PRKM2,C,ChEMBL,NA,NA,NA,NA,NA,NA,unmapped,NA,FALSE,NA,,FALSE,FALSE
PRKM3,C,ChEMBL,NA,NA,NA,NA,NA,NA,unmapped,NA,FALSE,NA,,FALSE,FALSE
PSMB5,C,SwissTargetPrediction,ENSG00000100804,ENSMUSG00000022193,Psmb5,ortholog_one2one,92.4242,"116 (Ensembl Genes 116, ensembl_mart_116)",one2one,1,TRUE,Psmb5,,TRUE,TRUE
PTAC97,C,ChEMBL,NA,NA,NA,NA,NA,NA,unmapped,NA,FALSE,NA,,FALSE,FALSE
PTAFR,C,ChEMBL,ENSG00000169403,ENSMUSG00000056529,Ptafr,ortholog_one2one,81.8182,"116 (Ensembl Genes 116, ensembl_mart_116)",one2one,1,TRUE,Ptafr,,FALSE,FALSE
PTGD2,B,PharmMapper,NA,NA,NA,NA,NA,NA,unmapped,NA,FALSE,NA,,FALSE,FALSE
PTGS1,C,ChEMBL;SwissTargetPrediction,ENSG00000095303,ENSMUSG00000047250,Ptgs1,ortholog_one2one,89.0365,"116 (Ensembl Genes 116, ensembl_mart_116)",one2one,1,TRUE,Ptgs1,,FALSE,FALSE
PTGS2,C,ChEMBL;SwissTargetPrediction,ENSG00000073756,ENSMUSG00000032487,Ptgs2,ortholog_one2one,86.755,"116 (Ensembl Genes 116, ensembl_mart_116)",one2one,1,TRUE,Ptgs2,,FALSE,FALSE
PTPN1,C,PharmMapper;SwissTargetPrediction,ENSG00000196396,ENSMUSG00000027540,Ptpn1,ortholog_one2one,83.1019,"116 (Ensembl Genes 116, ensembl_mart_116)",one2one,1,TRUE,Ptpn1,,TRUE,TRUE
PTPN11,C,PharmMapper,ENSG00000179295,ENSMUSG00000043733,Ptpn11,ortholog_one2one,99.4941,"116 (Ensembl Genes 116, ensembl_mart_116)",one2one,1,TRUE,Ptpn11,,TRUE,TRUE
PTPN22,C,SwissTargetPrediction,ENSG00000134242,ENSMUSG00000027843,Ptpn22,ortholog_one2one,70.8229,"116 (Ensembl Genes 116, ensembl_mart_116)",one2one,1,TRUE,Ptpn22,,FALSE,FALSE
PTPRC,C,ChEMBL,ENSG00000081237,ENSMUSG00000026395,Ptprc,ortholog_one2one,67.3627,"116 (Ensembl Genes 116, ensembl_mart_116)",one2one,1,TRUE,Ptprc,,FALSE,FALSE
QPCT,C,SwissTargetPrediction,ENSG00000115828,ENSMUSG00000024084,Qpct,ortholog_one2one,81.768,"116 (Ensembl Genes 116, ensembl_mart_116)",one2one,1,TRUE,Qpct,,TRUE,TRUE
RAD30B,C,ChEMBL,NA,NA,NA,NA,NA,NA,unmapped,NA,FALSE,NA,,FALSE,FALSE
RAN,C,ChEMBL,ENSG00000132341,ENSMUSG00000029430,Ran,ortholog_one2one,100,"116 (Ensembl Genes 116, ensembl_mart_116)",one2one,1,TRUE,Ran,,TRUE,TRUE
RAPGEF4,C,SwissTargetPrediction,ENSG00000091428,ENSMUSG00000049044,Rapgef4,ortholog_one2one,97.3294,"116 (Ensembl Genes 116, ensembl_mart_116)",one2one,1,TRUE,Rapgef4,,TRUE,TRUE
RARB,B,PharmMapper,ENSG00000077092,ENSMUSG00000017491,Rarb,ortholog_one2one,98.4375,"116 (Ensembl Genes 116, ensembl_mart_116)",one2one,1,TRUE,Rarb,,FALSE,FALSE
RARG,B,PharmMapper,ENSG00000172819,ENSMUSG00000001288,Rarg,ortholog_one2one,89.2617,"116 (Ensembl Genes 116, ensembl_mart_116)",one2one,1,TRUE,Rarg,,FALSE,FALSE
RBP4,C,PharmMapper,ENSG00000138207,ENSMUSG00000024990,Rbp4,ortholog_one2one,85.5721,"116 (Ensembl Genes 116, ensembl_mart_116)",one2one,1,TRUE,Rbp4,,FALSE,FALSE
RELA,C,SwissTargetPrediction,ENSG00000173039,ENSMUSG00000024927,Rela,ortholog_one2one,89.071,"116 (Ensembl Genes 116, ensembl_mart_116)",one2one,1,TRUE,Rela,,TRUE,TRUE
RIPK1,C,SwissTargetPrediction,ENSG00000137275,ENSMUSG00000021408,Ripk1,ortholog_one2one,71.189,"116 (Ensembl Genes 116, ensembl_mart_116)",one2one,1,TRUE,Ripk1,,TRUE,TRUE
RNUT1,C,ChEMBL,NA,NA,NA,NA,NA,NA,unmapped,NA,FALSE,NA,,FALSE,FALSE
RXRB,B,PharmMapper,ENSG00000204231,ENSMUSG00000039656,Rxrb,ortholog_one2one,96.9231,"116 (Ensembl Genes 116, ensembl_mart_116)",one2one,1,TRUE,Rxrb,,TRUE,TRUE
SAPK2A,C,ChEMBL,NA,NA,NA,NA,NA,NA,unmapped,NA,FALSE,NA,,FALSE,FALSE
SERT,C,ChEMBL,NA,NA,NA,NA,NA,NA,unmapped,NA,FALSE,NA,,FALSE,FALSE
SHBG,C,PharmMapper;SwissTargetPrediction,ENSG00000129214,ENSMUSG00000005202,Shbg,ortholog_one2one,66.005,"116 (Ensembl Genes 116, ensembl_mart_116)",one2one,1,TRUE,Shbg,,FALSE,FALSE
SIGMAR1,C,ChEMBL,ENSG00000147955,ENSMUSG00000036078,Sigmar1,ortholog_one2one,90.1345,"116 (Ensembl Genes 116, ensembl_mart_116)",one2one,1,TRUE,Sigmar1,,FALSE,FALSE
SIRT5,C,SwissTargetPrediction,ENSG00000124523,ENSMUSG00000054021,Sirt5,ortholog_one2one,86.129,"116 (Ensembl Genes 116, ensembl_mart_116)",one2one,1,TRUE,Sirt5,,TRUE,TRUE
SKR,C,ChEMBL,NA,NA,NA,NA,NA,NA,unmapped,NA,FALSE,NA,,FALSE,FALSE
SLC21A6,C,ChEMBL,NA,NA,NA,NA,NA,NA,unmapped,NA,FALSE,NA,,FALSE,FALSE
SLC21A8,C,ChEMBL,NA,NA,NA,NA,NA,NA,unmapped,NA,FALSE,NA,,FALSE,FALSE
SLC25A21,C,SwissTargetPrediction,ENSG00000183032,ENSMUSG00000035472,Slc25a21,ortholog_one2one,80.5369,"116 (Ensembl Genes 116, ensembl_mart_116)",one2one,1,TRUE,Slc25a21,,FALSE,FALSE
SLC6A2,C,ChEMBL;SwissTargetPrediction,ENSG00000103546,ENSMUSG00000055368,Slc6a2,ortholog_one2one,94.3274,"116 (Ensembl Genes 116, ensembl_mart_116)",one2one,1,TRUE,Slc6a2,,FALSE,FALSE
SLC6A3,C,ChEMBL;SwissTargetPrediction,ENSG00000142319,ENSMUSG00000021609,Slc6a3,ortholog_one2one,93.6995,"116 (Ensembl Genes 116, ensembl_mart_116)",one2one,1,TRUE,Slc6a3,,FALSE,FALSE
SLC6A4,C,ChEMBL;SwissTargetPrediction,ENSG00000108576,ENSMUSG00000020838,Slc6a4,ortholog_one2one,92.5397,"116 (Ensembl Genes 116, ensembl_mart_116)",one2one,1,TRUE,Slc6a4,,FALSE,FALSE
SLC6A5,C,ChEMBL,ENSG00000165970,ENSMUSG00000039728,Slc6a5,ortholog_one2one,93.9317,"116 (Ensembl Genes 116, ensembl_mart_116)",one2one,1,TRUE,Slc6a5,,FALSE,FALSE
SLCO1B1,C,ChEMBL,ENSG00000134538,ENSMUSG00000030236,Slco1b2,ortholog_one2many,64.1509,"116 (Ensembl Genes 116, ensembl_mart_116)",one2many,1,TRUE,Slco1b2,,FALSE,FALSE
SLCO1B3,C,ChEMBL,ENSG00000111700,ENSMUSG00000030236,Slco1b2,ortholog_one2many,66.0377,"116 (Ensembl Genes 116, ensembl_mart_116)",one2many,1,TRUE,Slco1b2,,FALSE,FALSE
SLK,C,ChEMBL,ENSG00000065613,ENSMUSG00000025060,Slk,ortholog_one2one,83.2928,"116 (Ensembl Genes 116, ensembl_mart_116)",one2one,1,TRUE,Slk,,TRUE,TRUE
SMAD3,C,ChEMBL,ENSG00000166949,ENSMUSG00000032402,Smad3,ortholog_one2one,100,"116 (Ensembl Genes 116, ensembl_mart_116)",one2one,1,TRUE,Smad3,,TRUE,TRUE
SMPD1,C,ChEMBL,ENSG00000166311,ENSMUSG00000037049,Smpd1,ortholog_one2one,82.7751,"116 (Ensembl Genes 116, ensembl_mart_116)",one2one,1,TRUE,Smpd1,,TRUE,TRUE
SNUPN,C,ChEMBL,ENSG00000169371,ENSMUSG00000055334,Snupn,ortholog_one2one,91.8994,"116 (Ensembl Genes 116, ensembl_mart_116)",one2one,1,TRUE,Snupn,,FALSE,FALSE
SPN1,C,ChEMBL,NA,NA,NA,NA,NA,NA,unmapped,NA,FALSE,NA,,FALSE,FALSE
SPR,C,ChEMBL,ENSG00000116096,ENSMUSG00000033735,Spr,ortholog_one2one,74.4275,"116 (Ensembl Genes 116, ensembl_mart_116)",one2one,1,TRUE,Spr,,TRUE,TRUE
SQOR,C,SwissTargetPrediction,ENSG00000137767,ENSMUSG00000005803,Sqor,ortholog_one2one,86.8889,"116 (Ensembl Genes 116, ensembl_mart_116)",one2one,1,TRUE,Sqor,,FALSE,FALSE
STS,B,PharmMapper,ENSG00000101846,ENSMUSG00000121914,Sts,ortholog_one2one,60.6154,"116 (Ensembl Genes 116, ensembl_mart_116)",one2one,1,TRUE,Sts,,FALSE,FALSE
SULT2A1,B,PharmMapper,ENSG00000105398,ENSMUSG00000074377,Sult2a4,ortholog_one2many,62.1053,"116 (Ensembl Genes 116, ensembl_mart_116)",one2many,8,TRUE,Sult2a4,,FALSE,FALSE
SULT2A1,B,PharmMapper,ENSG00000105398,ENSMUSG00000070811,Sult2a2,ortholog_one2many,66.4948,"116 (Ensembl Genes 116, ensembl_mart_116)",one2many,8,TRUE,Sult2a2,,FALSE,FALSE
SULT2A1,B,PharmMapper,ENSG00000105398,ENSMUSG00000074375,Sult2a3,ortholog_one2many,62.4561,"116 (Ensembl Genes 116, ensembl_mart_116)",one2many,8,TRUE,Sult2a3,,FALSE,FALSE
SULT2A1,B,PharmMapper,ENSG00000105398,ENSMUSG00000078798,Sult2a1,ortholog_one2many,63.1579,"116 (Ensembl Genes 116, ensembl_mart_116)",one2many,8,TRUE,Sult2a1,,FALSE,FALSE
SULT2A1,B,PharmMapper,ENSG00000105398,ENSMUSG00000030378,Sult2a8,ortholog_one2many,58.8652,"116 (Ensembl Genes 116, ensembl_mart_116)",one2many,8,TRUE,Sult2a8,,FALSE,FALSE
SULT2A1,B,PharmMapper,ENSG00000105398,ENSMUSG00000078799,Sult2a5,ortholog_one2many,62.807,"116 (Ensembl Genes 116, ensembl_mart_116)",one2many,8,TRUE,Sult2a5,,FALSE,FALSE
SULT2A1,B,PharmMapper,ENSG00000105398,ENSMUSG00000094156,Sult2a7,ortholog_one2many,58.7859,"116 (Ensembl Genes 116, ensembl_mart_116)",one2many,8,TRUE,Sult2a7,,FALSE,FALSE
SULT2A1,B,PharmMapper,ENSG00000105398,ENSMUSG00000070810,Sult2a6,ortholog_one2many,63.1579,"116 (Ensembl Genes 116, ensembl_mart_116)",one2many,8,TRUE,Sult2a6,,FALSE,FALSE
T200,C,ChEMBL,NA,NA,NA,NA,NA,NA,unmapped,NA,FALSE,NA,,FALSE,FALSE
TAC1R,C,ChEMBL,NA,NA,NA,NA,NA,NA,unmapped,NA,FALSE,NA,,FALSE,FALSE
TAC2R,C,ChEMBL,NA,NA,NA,NA,NA,NA,unmapped,NA,FALSE,NA,,FALSE,FALSE
TACR1,C,ChEMBL,ENSG00000115353,ENSMUSG00000030043,Tacr1,ortholog_one2one,94.5946,"116 (Ensembl Genes 116, ensembl_mart_116)",one2one,1,TRUE,Tacr1,,FALSE,FALSE
TACR2,C,ChEMBL,ENSG00000075073,ENSMUSG00000020081,Tacr2,ortholog_one2one,85.1562,"116 (Ensembl Genes 116, ensembl_mart_116)",one2one,1,TRUE,Tacr2,,FALSE,FALSE
TBXAS1,C,ChEMBL,ENSG00000059377,ENSMUSG00000029925,Tbxas1,ortholog_one2one,81.6135,"116 (Ensembl Genes 116, ensembl_mart_116)",one2one,1,TRUE,Tbxas1,,FALSE,FALSE
TERT,C,SwissTargetPrediction,ENSG00000164362,ENSMUSG00000021611,Tert,ortholog_one2one,61.7647,"116 (Ensembl Genes 116, ensembl_mart_116)",one2one,1,TRUE,Tert,,FALSE,FALSE
TRPA1,C,SwissTargetPrediction,ENSG00000104321,ENSMUSG00000032769,Trpa1,ortholog_one2one,79.3778,"116 (Ensembl Genes 116, ensembl_mart_116)",one2one,1,TRUE,Trpa1,,FALSE,FALSE
TXAS,C,ChEMBL,NA,NA,NA,NA,NA,NA,unmapped,NA,FALSE,NA,,FALSE,FALSE
TXN,C,SwissTargetPrediction,ENSG00000136810,ENSMUSG00000028367,Txn1,ortholog_one2one,63.8889,"116 (Ensembl Genes 116, ensembl_mart_116)",one2one,1,TRUE,Txn1,,TRUE,TRUE
TXS,C,ChEMBL,NA,NA,NA,NA,NA,NA,unmapped,NA,FALSE,NA,,FALSE,FALSE
VDR,C,PharmMapper,ENSG00000111424,ENSMUSG00000022479,Vdr,ortholog_one2one,89.0995,"116 (Ensembl Genes 116, ensembl_mart_116)",one2one,1,TRUE,Vdr,,FALSE,FALSE
VEGFR1,C,ChEMBL,NA,NA,NA,NA,NA,NA,unmapped,NA,FALSE,NA,,FALSE,FALSE
VIPR1,C,ChEMBL,ENSG00000114812,ENSMUSG00000032528,Vipr1,ortholog_one2one,82.1351,"116 (Ensembl Genes 116, ensembl_mart_116)",one2one,1,TRUE,Vipr1,,FALSE,FALSE
VPAC1R,C,ChEMBL,NA,NA,NA,NA,NA,NA,unmapped,NA,FALSE,NA,,FALSE,FALSE
