"cluster","subcluster_name","short_label","evidence_markers","confidence","caveat"
"0","GFAP-high / mitochondrial-rich astrocyte","C0 GFAP-high/mt","GFAP, BCL6, SORBS1, FAM107A, MT-ND/CO genes","medium","Sham-skewed (RO/E 1.40); mt 基因可能反映代谢状态或 ambient，5 个样本"
"1","Homeostatic astrocyte (SLC1A2-high)","C1 Homeostatic","SLC1A2, NRXN1, NKAIN3, NTRK2, GPM6A, CTNNA2","medium-high","组间相对均衡；含部分神经元样基因（NRXN1/GPM6A），不排除 ambient"
"2","OSMR/ABCC9-high reactive-like astrocyte","C2 OSMR/ABCC9+","OSMR, ABCC9, LYVE1, HSPA4L, CNTNAP3, PTGES3","medium-low","400 个细胞但仅来自 2 个 Sham 样本（donor 驱动）；LYVE1 提示血管周/ambient"
"3","TBI-associated NAMPT-high reactive-like astrocyte","C3 NAMPT+ TBI","NAMPT, SCG2, LINGO1, RASGEF1B, ELL2, TESC","medium","TBI-skewed（RO/E 3.42，9 个样本但 nr20/nr21 贡献大）"
"4","APOE/CST3-high, blood/ambient-enriched (HBA2+)","C4 APOE+ blood/ambient","MTRNR2L1, HBA2, APOE, CST3, CLU, GAPDH, GADD45B","low (biological subtype not supported)","148 个细胞中 146 个来自单一样本 nr11_LFP；HBA2/GAPDH 提示血液/ambient，不应作为亚群结论"
"5","SLC1A2-high homeostatic-like, sample-enriched","C5 SLC1A2+ sample-enriched","ARL17B, TRPM3, SLC1A2, ABLIM3, FAM198B-AS1","medium-low","141 个细胞中 138 个来自单个 Sham 样本 502T"
"6","Reactive astrocyte (C3+/ECM+)","C6 Reactive C3+/ECM+","C3, TNC, WWTR1, NAMPT, GAP43, CADPS; ECM/TGFb/stress/contractile scores top","high","TBI-skewed（RO/E 3.40，12 个样本）；C3/TNC 为反应性星形经典证据"
"7","Proliferative/ECM-remodeling astrocyte (GINS3/ADAMTS10-high)","C7 GINS3+ proliferative/ECM","GINS3, ADAMTS10, AIF1L, DPYSL5, ETV5, TRAF4, MALAT1","low","84 个细胞中 80 个来自单一样本 nr3_RF；样本级 Wilcoxon p=0.72（BH 0.72），不可作群体性结论；snRNA 增殖基因可能含 ambient/伪影"
"8","Low-confidence neuronal-like/ambient (EDIL3+)","C8 low-conf neuronal-like","SLC24A2, GRIN2B, IL1RAPL1, KIRREL3, GALNT13, EDIL3, ANK3","low","12 个样本但每样本细胞数少；神经元样基因可能为注释/ambient 不确定性"
