gene_symbol,tier,sources
A3F,C,ChEMBL
ABCB1,C,ChEMBL
ABCG2,C,SwissTargetPrediction
ACAT1,C,SwissTargetPrediction
ACHE,C,ChEMBL;SwissTargetPrediction
ADAM17,C,PharmMapper
ADORA1,C,ChEMBL;SwissTargetPrediction
ADORA2,C,ChEMBL
ADORA2A,C,ChEMBL;SwissTargetPrediction
ADORA3,C,ChEMBL;SwissTargetPrediction
ADRA1A,C,ChEMBL
ADRA1D,C,ChEMBL
ADRA2A,C,ChEMBL;SwissTargetPrediction
ADRA2B,C,ChEMBL
ADRA2C,C,ChEMBL;SwissTargetPrediction
ADRA2L1,C,ChEMBL
ADRA2L2,C,ChEMBL
ADRA2R,C,ChEMBL
ADRA2RL1,C,ChEMBL
ADRA2RL2,C,ChEMBL
ADRAR,C,ChEMBL
ADRB1,C,ChEMBL
ADRB1R,C,ChEMBL
ADRB2,C,ChEMBL
ADRB2R,C,ChEMBL
ADRB3,C,ChEMBL
ADRB3R,C,ChEMBL
AGTR2,C,ChEMBL
AHR,A,ChEMBL;SwissTargetPrediction
AKR1C2,C,PharmMapper
ALB,B,PharmMapper
ALK,C,SwissTargetPrediction
ALOX15B,C,SwissTargetPrediction
ALOX5,C,SEA
APEX1,C,SwissTargetPrediction
APLNR,C,SwissTargetPrediction
APOA2,B,PharmMapper
APOBEC3F,C,ChEMBL
APP,C,SwissTargetPrediction
AR,C,PharmMapper;SwissTargetPrediction
ARA24,C,ChEMBL
ASM,C,ChEMBL
AVPR1,C,ChEMBL
AVPR1A,C,ChEMBL
B1AR,C,ChEMBL
B2AR,C,ChEMBL
B2R,C,ChEMBL
B3AR,C,ChEMBL
BACE1,C,PharmMapper;SwissTargetPrediction
BCHE,B,PharmMapper;SwissTargetPrediction
BDKRB2,C,ChEMBL
BKR2,C,ChEMBL
BMP2,B,PharmMapper
CA1,C,SwissTargetPrediction
CA12,C,SwissTargetPrediction
CA2,C,ChEMBL;PharmMapper;SwissTargetPrediction
CA3,C,SwissTargetPrediction
CA4,C,SwissTargetPrediction
CA5A,C,SwissTargetPrediction
CA5B,C,SwissTargetPrediction
CA9,C,SwissTargetPrediction
CAC,C,ChEMBL
CALCR,C,ChEMBL
CALNA,C,ChEMBL
CANN6,C,ChEMBL
CASP1,C,ChEMBL
CB1,C,ChEMBL
CBX,C,ChEMBL
CBX1,C,ChEMBL
CCKAR,C,ChEMBL
CCKRA,C,ChEMBL
CCNA2,C,PharmMapper
CCR2,C,ChEMBL;SwissTargetPrediction
CCR4,C,ChEMBL
CCR5,C,ChEMBL
CD45,C,ChEMBL
CDK8,C,SwissTargetPrediction
CHEK1,C,PharmMapper
CHEMR13,C,ChEMBL
CHRM1,C,ChEMBL
CHRM2,C,ChEMBL
CHRM3,C,ChEMBL
CHRM4,C,ChEMBL
CHRM5,C,ChEMBL
CLG,C,ChEMBL
CLG4B,C,ChEMBL
CMKAR1,C,ChEMBL
CMKBR2,C,ChEMBL
CMKBR4,C,ChEMBL
CMKBR5,C,ChEMBL
CNA,C,ChEMBL
CNR,C,ChEMBL
CNR1,C,ChEMBL;SwissTargetPrediction
CNR2,C,SwissTargetPrediction
COX1,C,ChEMBL
COX2,C,ChEMBL
CRABP2,B,PharmMapper
CRHR1,C,SwissTargetPrediction
CSBP,C,ChEMBL
CSBP1,C,ChEMBL
CSBP2,C,ChEMBL
CSPB1,C,ChEMBL
CTNNA1,B,PharmMapper
CTSB,C,SwissTargetPrediction
CTSG,C,ChEMBL
CTSL,C,SwissTargetPrediction
CXCR1,C,ChEMBL
CXCR2,C,ChEMBL
CYP19A1,C,SwissTargetPrediction
CYP1A2,A,ChEMBL;SwissTargetPrediction
CYP1B1,A,SwissTargetPrediction
CYP2A3,C,ChEMBL
CYP2A6,C,ChEMBL;SwissTargetPrediction
CYP2C10,C,ChEMBL
CYP2C19,C,ChEMBL
CYP2C9,C,ChEMBL;PharmMapper
CYP2D6,C,ChEMBL
CYP2DL1,C,ChEMBL
CYP2E,C,ChEMBL
CYP2E1,C,ChEMBL
CYP3A3,C,ChEMBL
CYP3A4,C,ChEMBL
CYP5,C,ChEMBL
CYP5A1,C,ChEMBL
CYPIIA6,C,ChEMBL
CYPIIC17,C,ChEMBL
CYPIIC19,C,ChEMBL
CYPIIC9,C,ChEMBL
CYPIID6,C,ChEMBL
CYPIIE1,C,ChEMBL
CYPIIIA3,C,ChEMBL
CYPIIIA4,C,ChEMBL
CYSLT1,C,ChEMBL
CYSLTR1,C,ChEMBL
DAT,C,ChEMBL
DAT1,C,ChEMBL
DPP4,B,PharmMapper
DRD1,C,ChEMBL
DRD2,C,ChEMBL
DRD3,C,ChEMBL
DRD4,C,ChEMBL;SwissTargetPrediction
DUSP6,B,PharmMapper
EDNRA,C,ChEMBL
EGFR,C,ChEMBL;PharmMapper;SwissTargetPrediction
EGLN2,C,SwissTargetPrediction
ELA2,C,ChEMBL
ELANE,C,ChEMBL
EP300,C,SwissTargetPrediction
EPHB4,C,PharmMapper
EPHX1,C,SwissTargetPrediction
ERBB,C,ChEMBL
ERBB1,C,ChEMBL
ERBB2,C,ChEMBL
ERG,C,ChEMBL
ERG1,C,ChEMBL
ERK1,C,ChEMBL
ERK2,C,ChEMBL
ERT1,C,ChEMBL
ERT2,C,ChEMBL
ESR,C,ChEMBL
ESR1,B,ChEMBL;PharmMapper;SwissTargetPrediction
ESR2,C,ChEMBL;PharmMapper;SwissTargetPrediction
ESTRB,C,ChEMBL
ETA,C,ChEMBL
ETRA,C,ChEMBL
FBP1,C,SwissTargetPrediction
FGFR1,C,PharmMapper
FLT,C,ChEMBL
FLT1,C,ChEMBL
FRT,C,ChEMBL
FYN,C,ChEMBL;SwissTargetPrediction
GALR1,C,SwissTargetPrediction
GELB,C,ChEMBL
GLP1R,C,ChEMBL
GMNN,C,ChEMBL
GRL,C,ChEMBL
GRM5,C,SwissTargetPrediction
GSTA1,B,PharmMapper
H1R,C,ChEMBL
H2R,C,ChEMBL
HDAC6,C,SwissTargetPrediction
HER1,C,ChEMBL
HER2,C,ChEMBL
HERG,C,ChEMBL
HH1R,C,ChEMBL
HH2R,C,ChEMBL
HLE,C,ChEMBL
HMGCR,C,ChEMBL;PharmMapper
HMTMF81,C,ChEMBL
HPN,C,SwissTargetPrediction
HPRT1,A,SwissTargetPrediction
HRH1,C,ChEMBL
HRH2,C,ChEMBL
HSD11B1,C,PharmMapper
HSD17B1,C,PharmMapper
HTR1C,C,ChEMBL
HTR2,C,ChEMBL
HTR2A,C,ChEMBL
HTR2B,C,ChEMBL;SwissTargetPrediction
HTR2C,C,ChEMBL
HTR6,C,ChEMBL;SwissTargetPrediction
HTT,C,ChEMBL
ICE,C,ChEMBL
IDO1,C,SwissTargetPrediction
IL1BC,C,ChEMBL
IL1BCE,C,ChEMBL
IL8RA,C,ChEMBL
IL8RB,C,ChEMBL
JHDM3A,C,ChEMBL
JMJD2,C,ChEMBL
JMJD2A,C,ChEMBL
KCNA3,C,SwissTargetPrediction
KCNH2,C,ChEMBL
KCNN4,C,SwissTargetPrediction
KDM4A,C,ChEMBL
KIAA0677,C,ChEMBL
KPNB1,C,ChEMBL
LCK,C,ChEMBL;PharmMapper
LRRK2,C,SwissTargetPrediction
LSK,C,ChEMBL
LST1,C,ChEMBL
LST2,C,ChEMBL
M31,C,ChEMBL
MADH3,C,ChEMBL
MAOA,A,ChEMBL;PharmMapper;SwissTargetPrediction
MAOB,C,PharmMapper;SwissTargetPrediction
MAP2K1,B,PharmMapper
MAPK1,C,ChEMBL;PharmMapper
MAPK14,B,ChEMBL;PharmMapper
MAPK3,C,ChEMBL
MAPKAPK2,B,PharmMapper
MBNL1,C,SwissTargetPrediction
MC3R,C,ChEMBL
MC4R,C,ChEMBL
MC5R,C,ChEMBL
MDR1,C,ChEMBL
MET,B,PharmMapper
MGLL,C,SwissTargetPrediction
MIF,C,SwissTargetPrediction
MLN19,C,ChEMBL
MMP1,C,ChEMBL
MMP2,C,PharmMapper;SwissTargetPrediction
MMP8,C,SwissTargetPrediction
MMP9,C,ChEMBL;SwissTargetPrediction
MOP,C,ChEMBL
MOR1,C,ChEMBL
MXI2,C,ChEMBL
NAAA,C,SwissTargetPrediction
NAT1,C,ChEMBL
NET,C,ChEMBL
NET1,C,ChEMBL
NEU,C,ChEMBL
NFE2L2,C,ChEMBL;SwissTargetPrediction
NGL,C,ChEMBL
NK1R,C,ChEMBL
NK2R,C,ChEMBL
NKNAR,C,ChEMBL
NOTUM,C,SwissTargetPrediction
NPY1R,C,ChEMBL
NPY2R,C,ChEMBL
NPYR,C,ChEMBL
NPYY1,C,ChEMBL
NQO1,C,PharmMapper;SwissTargetPrediction
NQO2,C,SwissTargetPrediction
NR3A1,C,ChEMBL
NR3A2,C,ChEMBL
NR3C1,B,ChEMBL;PharmMapper;SwissTargetPrediction
NR3C2,B,PharmMapper
NRF2,C,ChEMBL
NTF97,C,ChEMBL
OATP1B1,C,ChEMBL
OATP1B3,C,ChEMBL
OATP2,C,ChEMBL
OATP8,C,ChEMBL
OATPC,C,ChEMBL
OPRD,C,ChEMBL
OPRD1,C,ChEMBL
OPRK,C,ChEMBL
OPRK1,C,ChEMBL
OPRM1,C,ChEMBL
OPRS1,C,ChEMBL
P2RX7,C,SwissTargetPrediction
P2RY6,C,SwissTargetPrediction
PAFR,C,ChEMBL
PDE10A,C,SwissTargetPrediction
PDE2A,C,SwissTargetPrediction
PDE4B,C,PharmMapper;SwissTargetPrediction
PDE5,C,ChEMBL
PDE5A,C,ChEMBL
PGF,B,PharmMapper
PGR,C,PharmMapper
PGY1,C,ChEMBL
PIM1,C,PharmMapper
PIN1,C,ChEMBL
PKCA,C,ChEMBL
POLI,C,ChEMBL
PPARA,C,PharmMapper;SwissTargetPrediction
PPP3CA,C,ChEMBL
PPP5C,C,PharmMapper
PRKACA,C,ChEMBL;PharmMapper
PRKCA,C,ChEMBL
PRKM1,C,ChEMBL
PRKM2,C,ChEMBL
PRKM3,C,ChEMBL
PSMB5,C,SwissTargetPrediction
PTAC97,C,ChEMBL
PTAFR,C,ChEMBL
PTGD2,B,PharmMapper
PTGS1,C,ChEMBL;SwissTargetPrediction
PTGS2,C,ChEMBL;SwissTargetPrediction
PTPN1,C,PharmMapper;SwissTargetPrediction
PTPN11,C,PharmMapper
PTPN22,C,SwissTargetPrediction
PTPRC,C,ChEMBL
QPCT,C,SwissTargetPrediction
RAD30B,C,ChEMBL
RAN,C,ChEMBL
RAPGEF4,C,SwissTargetPrediction
RARB,B,PharmMapper
RARG,B,PharmMapper
RBP4,C,PharmMapper
RELA,C,SwissTargetPrediction
RIPK1,C,SwissTargetPrediction
RNUT1,C,ChEMBL
RXRB,B,PharmMapper
SAPK2A,C,ChEMBL
SERT,C,ChEMBL
SHBG,C,PharmMapper;SwissTargetPrediction
SIGMAR1,C,ChEMBL
SIRT5,C,SwissTargetPrediction
SKR,C,ChEMBL
SLC21A6,C,ChEMBL
SLC21A8,C,ChEMBL
SLC25A21,C,SwissTargetPrediction
SLC6A2,C,ChEMBL;SwissTargetPrediction
SLC6A3,C,ChEMBL;SwissTargetPrediction
SLC6A4,C,ChEMBL;SwissTargetPrediction
SLC6A5,C,ChEMBL
SLCO1B1,C,ChEMBL
SLCO1B3,C,ChEMBL
SLK,C,ChEMBL
SMAD3,C,ChEMBL
SMPD1,C,ChEMBL
SNUPN,C,ChEMBL
SPN1,C,ChEMBL
SPR,C,ChEMBL
SQOR,C,SwissTargetPrediction
STS,B,PharmMapper
SULT2A1,B,PharmMapper
T200,C,ChEMBL
TAC1R,C,ChEMBL
TAC2R,C,ChEMBL
TACR1,C,ChEMBL
TACR2,C,ChEMBL
TBXAS1,C,ChEMBL
TERT,C,SwissTargetPrediction
TRPA1,C,SwissTargetPrediction
TXAS,C,ChEMBL
TXN,C,SwissTargetPrediction
TXS,C,ChEMBL
VDR,C,PharmMapper
VEGFR1,C,ChEMBL
VIPR1,C,ChEMBL
VPAC1R,C,ChEMBL
