"logFC","AveExpr","t","P.Value","adj.P.Val","B","gene"
0.69002004974046,5.372880209079,6.20302955742162,4.94603849875217e-07,1.94866188665681e-05,6.2082079930949,"Abi3"
0.857625674624373,7.19060756325918,8.09619543535273,2.11913973660524e-09,3.09584805209061e-07,11.5219986694002,"Acot1"
0.721413423032636,5.3622713978191,3.48255673688259,0.00140042049411142,0.0112278546133607,-1.4642132462964,"Agtrap"
-0.672080929526774,9.72013773240061,-6.3046508946598,3.66271577527933e-07,1.5694734907546e-05,6.5010500105447,"AI593442"
1.17603879873442,7.4372450145933,6.56397839474575,1.70672955754132e-07,8.78269097824582e-06,7.24566479160241,"Aif1"
1.12349659790362,5.54084630216615,8.66820951191513,4.40541737213801e-10,1.44716393954462e-07,13.0479657533869,"Aldh1l2"
0.830271460894173,6.98519964326139,6.33100575983836,3.38854466395316e-07,1.49898515265928e-05,6.57690846997721,"Alox5ap"
1.19345758829376,5.30558715808376,5.16841375108975,1.07269591055341e-05,0.000240298537073606,3.21415921125097,"Angptl4"
1.14140580923225,7.95850560870146,7.83497871603467,4.39966848428606e-09,5.28274480148919e-07,10.8112005450915,"Anxa2"
0.938211539925993,7.67035029525853,7.36944527957931,1.64889708933752e-08,1.25990727598926e-06,9.52435929826174,"Anxa3"
0.780654696087138,7.08885031188241,5.60948789072492,2.8841785808874e-06,8.09645919494884e-05,4.49071657607439,"Apaf1"
0.705103307961003,10.487526034253,5.79464031933314,1.66202925440198e-06,5.33860734391669e-05,5.02725973944711,"Apod"
1.34599815805711,4.70005270800817,4.00206118137912,0.00032706743234663,0.00365554410525529,-0.0819438462541076,"Aqp1"
0.692400188062362,10.0131141694602,6.18085978859275,5.28141501656015e-07,2.06466480065991e-05,6.14425430513638,"Aqp4"
-0.60429045622816,7.66098581844181,-4.86855640181387,2.61235202475677e-05,0.000484341590472368,2.35138779526184,"Arhgap15"
0.600968447501221,5.6572799811366,5.42568254427916,4.98680517696349e-06,0.000124548268185649,3.95817220545241,"Arhgap18"
0.927140542068511,7.17717000600278,6.84178504545229,7.57308627184994e-08,4.19682132625706e-06,8.03808533444361,"Arhgdib"
0.691227625226892,6.23049395418914,4.86328828685152,2.65341204498668e-05,0.000490152268969518,2.33629129643667,"BC028528"
-0.775775795646614,4.43927307618072,-2.82854380316103,0.00782954885395577,0.0417382821041215,-3.06939687144245,"BC030499"
0.666939054144988,7.72714481041395,7.02075902214869,4.50218240871298e-08,2.91083408809481e-06,8.54518876701612,"Bgn"
1.20492349606681,8.76255735462083,6.91514447458755,6.117155999853e-08,3.66702900691352e-06,8.24628632289206,"C1qa"
1.2218751714037,9.84952329075884,7.68428577612714,6.72989359872304e-09,7.0705944621584e-07,10.3973799397027,"C1qb"
0.614133133750679,6.55456380047025,4.63283034890639,5.23876703696627e-05,0.000857763057383796,1.67861891416396,"Cacng5"
-0.608544514513372,9.11523616280943,-5.7670414575104,1.80427298204426e-06,5.68684290528074e-05,4.94730003099293,"Cadps2"
-0.6416327236559,9.49533285237431,-4.56939380431001,6.31249125747353e-05,0.000988732156412935,1.49866073327832,"Camkk2"
0.704742929869462,7.62535235130626,6.88790505139401,6.62148242919667e-08,3.75192538094818e-06,8.16903290543543,"Cav1"
1.34895800833949,6.35677127191146,5.76295935972248,1.82632413739742e-06,5.72059169248147e-05,4.93547251085112,"Ccl9"
0.855514854949776,9.35330208729039,10.0935042292537,1.0554506670567e-11,1.33065942849173e-08,16.6548852961367,"Ccnd1"
0.680889517445165,5.9288261404233,4.92363655181048,2.21907972647393e-05,0.000420707483481505,2.50937220905434,"Ccr5"
1.42504025473862,4.16830157442513,5.00082769720932,1.76499737294804e-05,0.000349054186344196,2.73118983753387,"Cd248"
1.56360821844165,7.14382885267441,9.33241256917553,7.49016830686181e-11,3.77729187715041e-08,14.7643186947564,"Cd68"
1.0432480967443,9.14678043975447,5.21104262554035,9.44924172106761e-06,0.00021858956880433,3.33726217691844,"Cd9"
0.970933045286602,5.81565678628301,5.40854432094521,5.24801361593181e-06,0.000129733983652667,3.90854413100428,"Cenpa"
0.626480413485582,4.6024348002463,4.77071541556758,3.48890006072408e-05,0.000615193112105998,2.07143760447531,"Cenpl"
-0.628361778919873,6.17407341027801,-5.0315793103641,1.61100603980933e-05,0.00032688472197501,2.81968045198394,"Chrna4"
0.597752366209834,8.2414728641374,5.49349608414645,4.07459131574979e-06,0.000106467171012053,4.1546001981046,"Cldn5"
0.862989458556979,10.5476988980067,7.7175583428185,6.12569436101248e-09,6.57273971544381e-07,10.488981498035,"Cnn3"
0.587925592310945,6.00163392938865,4.45674808179585,8.78087859268874e-05,0.0012798257440153,1.18045291629489,"Col16a1"
0.92043420951663,5.53407612288196,3.62844316546324,0.000936887066838094,0.00824558722175307,-1.08401389489222,"Col18a1"
0.912258195718837,7.31969066230876,6.7883932000132,8.84880327728222e-08,4.79833493842303e-06,7.88626533154786,"Col4a1"
-1.2170196774449,4.7954965238594,-3.78218891734967,0.000609840020673218,0.00596012252762605,-0.676244968685555,"Cort"
0.745473882789991,9.84432311749665,6.67601500876842,1.22892929948911e-07,6.45571922637872e-06,7.56595918282797,"Cotl1"
-0.675465223815357,6.83400756232078,-6.22039966882322,4.69830513684975e-07,1.8804406988201e-05,6.25829987207668,"Cox6a2"
0.811395949691395,7.99456704915337,7.48956177276695,1.16994258829463e-08,1.01780401381302e-06,9.85873586129934,"Cp"
2.06559740110514,4.01726269761116,8.76450106849152,3.39549263545846e-10,1.22310495432979e-07,13.3005582534768,"Cryba4"
0.83510176090553,9.92125749471321,9.29415822703628,8.28201962372038e-11,3.79692954203835e-08,14.6671325528532,"Csf1r"
0.8125017333931,6.82639423642731,6.3887854144994,2.85757724074158e-07,1.31176498872131e-05,6.74308101198776,"Csrp2"
1.18947035674577,7.9956153732313,7.44497316709877,1.32864302958866e-08,1.0984175079042e-06,9.73479524171451,"Ctsh"
0.661680140790412,9.3176574258592,4.96992100493794,1.93450942947151e-05,0.000375220425108648,2.64232126316843,"Ctss"
1.15368626203005,9.52631396668534,8.23165334665647,1.45556555116876e-09,2.65772090358931e-07,11.887221629501,"Ctsz"
1.34698372180817,7.1918889114384,7.48936900466772,1.17058561969374e-08,1.01780401381302e-06,9.8582005064451,"Cyba"
1.03266320638045,7.24824495346653,7.11931226758246,3.38533996476315e-08,2.26371492352817e-06,8.82316908932706,"Dab2"
0.859023016104272,8.67019064410633,5.08060674835972,1.39267657943971e-05,0.000291421908303505,2.96089231892651,"Dcn"
1.40204231358466,8.85011536581467,8.63515527417973,4.81863233849716e-10,1.44716393954462e-07,12.9609678838452,"Dhrs1"
1.29075370344436,6.28873218099198,5.2333999561046,8.84099622551573e-06,0.00020737276262919,3.40185901054987,"Dpm3"
1.17285562206031,6.06663493076452,7.79199378148855,4.96545209626738e-09,5.69108520942645e-07,10.6934342770674,"Ecm1"
0.68588768860451,6.85992624806005,6.26900566401887,4.069424722308e-07,1.71017573954994e-05,6.39839112981831,"Efemp2"
0.619100561515467,8.22725670193366,7.30756396884391,1.96891039494758e-08,1.42896248362665e-06,9.35149022478946,"Elovl1"
1.2490709196647,5.85427558449336,6.24461468344175,4.37363870542601e-07,1.78336760806905e-05,6.32810667634379,"Emp1"
1.35308963108913,6.07996790420302,7.41763205428559,1.43657552519167e-08,1.16849199573252e-06,9.65868874539411,"Emp3"
0.890051067191386,5.95998894234707,7.28479575990899,2.1018985120826e-08,1.49294002766656e-06,9.28778451117322,"Ezh2"
0.598190588114677,6.63250901267006,5.16439944740682,1.08558096947586e-05,0.000241171137844351,3.20257137028588,"Fbln1"
1.20599812596923,7.52864231257998,7.35257128090981,1.73054122432701e-08,1.28339991092369e-06,9.47726104846244,"Fcgr3"
0.587815951692016,7.86679191849874,7.1166464051927,3.41150771739323e-08,2.26371492352817e-06,8.81566201229594,"Fgfrl1"
1.06726750443117,6.36060641986727,7.56377949416094,9.4714732382586e-09,9.11264523892262e-07,10.0645446342357,"Flna"
-0.967474424012423,3.26395445313927,-3.03524788830977,0.00461819889422049,0.0281275084825531,-2.58176610842748,"Fv1"
0.878740981404097,7.71149661629199,6.01970998797895,8.51485634228693e-07,3.17824342810104e-05,5.67876037901422,"Fxyd1"
0.880207039901769,6.70911646543557,6.52077222378064,1.93767249959945e-07,9.58008079949024e-06,7.12190537881911,"Fxyd5"
-0.703304910766374,7.28145411045527,-5.20559712983595,9.60360211621273e-06,0.000221145961059638,3.32153195579759,"Fxyd7"
-0.690319959869741,7.39853165834515,-5.64909435682668,2.56326635612612e-06,7.34463195110455e-05,4.60550272658641,"Gabrd"
-0.715813709603787,10.3996450922489,-6.35411008350312,3.1652345851978e-07,1.42443694950032e-05,6.64337888175442,"Gabrg2"
0.635671456890271,7.12082783694198,6.49928070920272,2.06403696462107e-07,1.00085946274847e-05,7.06029786622349,"Gadd45g"
1.3411663400854,7.04929458585665,5.77467258783846,1.76376369735436e-06,5.59412599104278e-05,4.96941001852375,"Gbp2"
2.69168919170944,9.53425181519839,10.6698024409451,2.51687878562927e-12,4.23087323864281e-09,18.0317727756345,"Gfap"
0.60376959168167,8.32274547474081,5.68035453097929,2.33543292750989e-06,6.92799309025433e-05,4.696099000743,"Gltp"
2.21373487733045,6.13664729546132,7.45530601154012,1.29002482056704e-08,1.08426586168659e-06,9.76353639045687,"Gpnmb"
0.835482100782685,7.41380964302361,5.21988938028508,9.20372449144055e-06,0.000213891164102925,3.36282037460196,"Gpr17"
0.607385095969448,6.22005198805273,4.44400714037942,9.1140500766446e-05,0.00130946309220851,1.1445781640314,"Gpx7"
1.23897027500105,9.98561610876338,9.57304125562882,3.99816240411886e-11,2.52034162549643e-08,15.3709143716963,"Grn"
1.00094077111175,7.23568038548163,8.92106858959835,2.22910202031152e-10,8.6472011449469e-08,13.7085631071867,"Gusb"
0.588343362001622,8.66558525975701,5.59341241129638,3.02563807762377e-06,8.38367737662455e-05,4.44412802664514,"Hexa"
0.659423282616465,10.4724568126519,5.0158994915025,1.68777661631618e-05,0.000336421244113933,2.77455208706495,"Hexb"
0.965585901840678,5.86207758661864,4.2685855955329,0.000151875527399228,0.00196386739660079,0.653323137061492,"Hk2"
1.06668343029371,6.75082880969002,5.89947032615003,1.21691185284187e-06,4.32175103794474e-05,5.33085802020315,"Hmgb2"
-0.771379330091167,8.43827242891609,-6.81913001987505,8.09000519416604e-08,4.43455393414993e-06,7.97369482803737,"Hsd11b1"
0.609703963316854,6.71777050501117,5.27848459854668,7.73065569585652e-06,0.00018389479563304,3.53218563256288,"Hsd3b7"
0.852491427546201,4.03585362315573,3.15272525057068,0.00339718161479373,0.0221916928541512,-2.29601078290043,"Hspa12b"
0.826179498653611,7.88976247063204,6.30375901907414,3.67237501306846e-07,1.5694734907546e-05,6.49848221875525,"Hspb1"
1.50582384917653,7.10686840389442,8.12125313844316,1.97656341692862e-09,3.09584805209061e-07,11.5897358024378,"Hspb6"
0.710169239259461,7.33268833006931,5.59090187662131,3.04834867427723e-06,8.40044937944267e-05,4.43685230408306,"Hspb8"
0.920336260593172,7.44783438947518,8.16975575008993,1.72764057744779e-09,2.97788452265498e-07,11.7206235999065,"Ifitm2"
1.68484375772105,8.98210566524889,8.47493820768397,7.4559471808154e-10,1.97896534909748e-07,12.5371997572329,"Ifitm3"
1.03870253853059,8.6260302924739,5.84392092820847,1.43542066443338e-06,4.87638509674644e-05,5.17000734901159,"Igfbp2"
0.789063718537918,6.75234247145858,5.83631741408565,1.46824761756787e-06,4.93624849026318e-05,5.14798551494209,"Igfbp3"
0.870976529145493,8.8419456622775,5.58806555831037,3.07421171472274e-06,8.42567917247107e-05,4.42863246992526,"Igfbp7"
0.757450933385188,7.96811087009381,8.1488949393799,1.83054571093207e-09,2.97788452265498e-07,11.6643659315306,"Iqgap1"
0.827468449944493,8.76208242541852,8.36613063510004,1.00472438550203e-09,2.46539733510952e-07,12.2474602013002,"Itgb5"
0.620197532676001,7.22957967683207,6.15451700801724,5.70979793451091e-07,2.19805427356782e-05,6.06823364277899,"Itih3"
-0.597678655289826,6.21263818510841,-5.68339692544447,2.31437254483902e-06,6.90614245184804e-05,4.70491611122898,"Kcnab3"
0.831352123062773,5.40027892824427,6.38834659887154,2.86127600157335e-07,1.31176498872131e-05,6.74181972552787,"Kcne1l"
1.49548792452082,5.51040008915611,5.91731258272308,1.15406996064699e-06,4.15712486538769e-05,5.38250792538287,"Klhl6"
0.683665999957151,5.23793702659078,5.82544605044426,1.51649564664083e-06,5.03137338553272e-05,5.11649729022738,"Lamb2"
0.591160140291745,10.8907885029247,3.73581470982674,0.000694567530736762,0.00659642948682767,-0.799961185320944,"Lamp2"
0.966939603530515,8.90815813141378,8.02150916804453,2.60922905110278e-09,3.37393387300291e-07,11.3196336625596,"Laptm5"
0.713445219544678,5.8505146737244,4.64999956782964,4.98064281512246e-05,0.000823520712021723,1.72741205200657,"Lbp"
1.99073333495158,9.81776286889368,9.72084432539801,2.72917778820534e-11,2.29387393098659e-08,15.7394491613974,"Lgals1"
3.80214095421036,6.83200590651034,9.57670895609633,3.96032108494837e-11,2.52034162549643e-08,15.3800969169833,"Lgals3"
1.25381344974072,6.77010117592239,7.38113037930852,1.59465525659189e-08,1.23720714753737e-06,9.55695660111552,"Lgals3bp"
0.673573089333839,6.70398619189017,4.25001513558013,0.00016027245694731,0.00205662595517884,0.601631555167869,"Lgi4"
0.715514862710238,8.5713024998961,5.75816605065834,1.8525623770733e-06,5.76695806640782e-05,4.92158407054916,"Lgmn"
0.758925449387241,5.50283665794171,6.45176532662089,2.37370875875481e-07,1.13820556916335e-05,6.92398232343164,"Loxl1"
1.27510340608595,5.36759111311554,5.51096361952975,3.8679783837175e-06,0.000102126780047578,4.20520846671676,"Lrg1"
0.787147395010687,7.67133436192038,6.41780625720668,2.62335679013869e-07,1.22496187895087e-05,6.82646979792913,"Lrig1"
0.701422985186721,5.84957215187204,4.31428194064918,0.00013301101198515,0.00177924279427351,0.780787222026222,"Lst1"
0.858898115448259,5.80327890190245,5.10381785529108,1.299847636702e-05,0.000277759814910516,3.02779883739699,"Ltc4s"
0.653532495337786,9.05509556865419,6.00237908698621,8.96427745069242e-07,3.29977015940452e-05,5.62864146056224,"Ly6a"
0.761207009247555,5.82661851253238,3.81337188570476,0.000558608783170137,0.00556732034293873,-0.592720883317467,"Ly6g6e"
1.50180140807658,8.50133485685027,8.6306142253101,4.87840312755473e-10,1.44716393954462e-07,12.9490044356999,"Ly86"
0.833701839680292,6.80984232983555,7.96457929909797,3.05898471469223e-09,3.85661497904823e-07,11.1649118818283,"Mcm5"
0.921641845814735,7.11425853610272,7.38804008892517,1.56343443850242e-08,1.2319374802137e-06,9.57622535965743,"Mcm6"
-0.607403597521209,11.6325034508192,-4.52419241684982,7.20758135221565e-05,0.00109925159471194,1.37075748713231,"Mef2c"
0.834343782426997,7.9696822396104,5.42554519932404,4.98884595944895e-06,0.000124548268185649,3.95777446250592,"Mgst1"
0.640369403707806,6.87412776817405,6.91158464402155,6.18079447923159e-08,3.66702900691352e-06,8.23619404071877,"Mmp14"
0.740036197392474,5.55253860322332,6.08352622303838,7.04647767917342e-07,2.69207476788421e-05,5.86321998796039,"Mmp2"
0.944063660775025,9.48176074690393,6.27618931540998,3.98395494673016e-07,1.68832645347565e-05,6.41908555044824,"Mrps6"
1.97947623888578,6.73076481634397,8.34136580753787,1.07552530978405e-09,2.46539733510952e-07,12.1812971327289,"Ms4a6d"
0.682560383372291,6.21843337483624,8.35324187072017,1.04096074545418e-09,2.46539733510952e-07,12.2130359010615,"Mxra8"
0.835338678177118,6.28742067163586,7.46662447926526,1.24902621236811e-08,1.06759986253769e-06,9.79500562625351,"Myd88"
0.601032467085436,8.7701155762435,4.80509784236807,3.15184252679488e-05,0.000569983401718899,2.16970956575212,"Myh9"
0.670494532636842,8.55885092356326,3.63198582768111,0.000927722936912017,0.00821395876280268,-1.07469696004039,"Nnat"
0.652327484302873,5.72724210338953,3.37512450056589,0.00187582977326788,0.0139982150841464,-1.7396056234009,"Npy2r"
1.19459590062112,8.10231461350275,6.3252113191754,3.44699615886469e-07,1.51158275036127e-05,6.56023333991434,"Nupr1"
1.42365577152544,5.92192878919883,5.04732796044696,1.53739612306332e-05,0.00031516620522798,2.86502367325728,"Oasl2"
1.33148061033436,7.6504530935458,8.22670121221658,1.47563325997424e-09,2.65772090358931e-07,11.8739110372545,"Olfml3"
0.598840075125566,6.90094982940346,5.16289390816764,1.09045309930228e-05,0.000241191007885148,3.19822563587681,"Ostf1"
1.54539707330751,5.93035750510751,9.47259332494272,5.19119798976809e-11,2.90880127360005e-08,15.1186910009071,"P2ry6"
-0.610687370600087,7.374765267261,-5.9677433587818,9.93512459328668e-07,3.63064009593802e-05,5.52845068641396,"Pak7"
0.651930933719954,8.04392307322751,7.30499316376445,1.98348946765547e-08,1.42896248362665e-06,9.34429979366609,"Pbxip1"
0.718185105254666,7.42574329357429,6.86451853796737,7.08788914288781e-08,3.97158054973147e-06,8.10265497405644,"Pcolce"
1.31178693254991,7.2717157672497,7.72015102871099,6.08098926250807e-09,6.57273971544381e-07,10.496113877611,"Pdlim4"
0.667302161606584,9.02730247680987,4.22952466242556,0.000170067304626966,0.00217126434742732,0.544670175519363,"Pfn1"
0.861606601424791,5.31427455736017,3.88388997168803,0.00045771384285518,0.00473002235557105,-0.402880517461369,"Plcb3"
0.665126736508897,5.91010482061677,4.62757630373889,5.3203698967271e-05,0.000862748290142675,1.66369470500801,"Plcg2"
0.632506844947611,7.97952639655662,7.15761398708402,3.03102404836909e-08,2.06560192917909e-06,8.93094997838944,"Pnp"
0.729463755234926,5.96433194680227,4.5732107571897,6.24214156211989e-05,0.000986806266387793,1.50947397546851,"Ppic"
0.925843113640529,6.52694264333271,7.92058547976374,3.45989235098955e-09,4.25566759171715e-07,11.0450724723366,"Pros1"
1.46672979003804,5.85703582802452,6.95164655430811,5.50160342951878e-08,3.37337368848844e-06,8.34970625367811,"Rab32"
-0.803768373593384,6.31693825665972,-4.96580895702683,1.95824984458495e-05,0.000378369883764057,2.63050291762266,"Ramp3"
0.778448278674596,4.99285068764452,2.85305131811965,0.00736091941526137,0.0397442362003888,-3.01264731370201,"Rasl11a"
-0.770965288695069,6.93995021457592,-8.28556431168081,1.25423291111963e-09,2.53003862831052e-07,12.0319210906485,"Rassf3"
1.06598234092895,8.24438321702593,5.37404653075282,5.81598877537968e-06,0.000142378793175921,3.80866833651573,"Rbp1"
0.622930417301542,5.62910913003507,4.03213494419305,0.000300129004144299,0.00341553099385843,0.000262304300438387,"Rdh5"
0.902922370649089,5.7012130001998,5.15206516247405,1.12614429304712e-05,0.000247938669687019,3.16697194822063,"Renbp"
0.771134087099182,5.86930724566067,4.93109282862145,2.17057438110157e-05,0.000414629038026335,2.53077836981335,"Rhoj"
0.685007713237444,5.92609791064066,5.74165271615835,1.94588319301899e-06,6.02029996465937e-05,4.87373536318558,"Ripk1"
0.585035146115997,9.90154971810736,3.69493552671419,0.000778645698412789,0.00713182360287292,-0.908509561285454,"Rps27l"
0.616678415636682,6.23964244407887,4.68385703979015,4.5079486993707e-05,0.000757786176364215,1.82373521817413,"Rps6ka1"
0.730145872563026,7.52704993307694,8.29339335344708,1.22744476792729e-09,2.53003862831052e-07,12.0529032579071,"Rrbp1"
0.759802734140256,8.35420598747917,5.61914566661016,2.8023970698008e-06,7.9396002376435e-05,4.51870626092562,"S100a13"
0.671825118326159,9.5093533052134,4.89312387403178,2.42904919279173e-05,0.000458790077874484,2.42182165516839,"S100a16"
1.61588923064136,8.35308146541491,8.09559493995335,2.12268179743052e-09,3.09584805209061e-07,11.5203744074544,"S100a6"
0.681412695912493,9.07151113706516,4.36928227276407,0.00011334315938506,0.00154483662913205,0.93468724772181,"Sat1"
-0.770235099655072,8.29547066302408,-9.18570929329501,1.10234313872796e-10,4.63259704050425e-08,14.3904990932019,"Scn1a"
0.904601716260773,4.15104700578024,2.793783519005,0.0085422778664537,0.0443459701322449,-3.1493753122763,"Sdsl"
0.8018428418864,3.8056379599124,3.54807561670905,0.00116992603017866,0.00960901786676055,-1.29431683376956,"Serpina3g"
3.20910924215842,7.96449328309405,10.9983324508352,1.13312152500516e-12,3.99682042883555e-09,18.7957404890587,"Serpina3n"
0.775114225988066,7.52040164268561,7.35694771698038,1.70898074716552e-08,1.28339991092369e-06,9.48947935372709,"Serpinf1"
0.644913541445024,6.51708356123038,5.63837350932358,2.64642509179383e-06,7.54006877848377e-05,4.57443184324011,"Serping1"
-0.622879585133568,9.37095189698204,-8.23098236729265,1.45826826244882e-09,2.65772090358931e-07,11.8854183231317,"Sgtb"
0.682009055766472,5.83632280460905,6.07224545608978,7.28614414826669e-07,2.76270864208338e-05,5.8306239139184,"Slc11a1"
0.644447023541773,5.90304972179635,4.30058279555346,0.000138410389536531,0.00182699648245206,0.742536072203971,"Slc38a5"
0.683379689314733,5.32514622835186,5.18534534952619,1.02000528529031e-05,0.00023170660602338,3.26304349791434,"Smpdl3b"
0.804815345120138,7.5265303282067,8.15877297635203,1.78106378234258e-09,2.97788452265498e-07,11.6910120567097,"Soat1"
0.629218761070749,10.9266249843237,5.3042401561707,7.15998272680059e-06,0.000171126980527277,3.60667258587484,"Sparc"
0.919189529235135,7.80880535168185,4.89059536009613,2.447309487494e-05,0.000459296514780207,2.41457008629432,"Stat1"
0.837137569812835,8.28829931569388,7.54232055559597,1.0067418511513e-08,9.23090755519277e-07,10.0051016566243,"Stat3"
1.03504831439254,7.09262524451632,7.77208217551001,5.25202976919166e-09,5.88577469467412e-07,10.6388072650633,"Sulf1"
0.769290313269165,6.60073657482978,6.20798606058967,4.87403785400881e-07,1.93541518880051e-05,6.22250300677823,"Tax1bp3"
0.769467466554392,5.91768677263658,5.42931176412374,4.93318055139718e-06,0.000124548268185649,3.96868235943323,"Tes"
1.80154822298304,7.64652424370547,8.28767142763127,1.24696522514048e-09,2.53003862831052e-07,12.0375690351409,"Tgfbi"
0.590296682390741,7.52026014871962,5.91992833999303,1.14513495886522e-06,4.154615537811e-05,5.39007938152885,"Tgfbr2"
1.17717380058816,8.49732795408451,8.09122907604927,2.14861554279538e-09,3.09584805209061e-07,11.5085639432535,"Tgm2"
1.51693106892259,5.56849672025146,8.05807688735749,2.35633921232995e-09,3.21162666156214e-07,11.4188027364659,"Tlr2"
0.731758546928713,6.74211718000135,6.55529385457752,1.75080738816983e-07,8.82932165854043e-06,7.22079924630511,"Tmem119"
0.637064699738599,6.7148636459293,6.51171257184424,1.98996131299548e-07,9.74308242857882e-06,7.09593878764559,"Tnfaip8"
1.43965552757648,6.74677248243762,6.6931865706365,1.16869807813004e-07,6.20394148211556e-06,7.61496689896166,"Tnfrsf12a"
0.832065855944032,8.14532204323148,6.60170270102717,1.52788431104347e-07,7.94342327896106e-06,7.35361489580452,"Tpm4"
0.71161175183544,6.54130221224516,4.85087925785184,2.75267789316136e-05,0.000504791076916827,2.30074145727282,"Trem2"
1.17987892455375,3.77945832344532,2.85051356359873,0.00740819754543317,0.0399567275097535,-3.01853746787875,"Trh"
-0.611386542716658,6.27641377909887,-5.14014050684463,1.16679548203773e-05,0.000253772425483209,3.13256241831812,"Trhde"
1.75744386566524,7.82283726178742,9.8579439323832,1.92009593256472e-11,1.93660875758478e-08,16.0785261627446,"Tspo"
0.771312001211886,11.8102855550502,6.01749100110562,8.57111057350272e-07,3.17824342810104e-05,5.67234388116394,"Tubb2b"
1.2992263532864,8.35740664528002,6.74103296105941,1.01611967638484e-07,5.45137396596676e-06,7.75139938590431,"Tyrobp"
0.895129561968534,5.40461344584895,7.55988016678158,9.5770413972417e-09,9.11264523892262e-07,10.0537470524248,"Upp1"
0.613820455347284,7.06024568526504,5.1294529765179,1.20446987490789e-05,0.000260692771637788,3.10172924209004,"Vamp8"
2.43131300626246,10.4521553295815,10.8594544802307,1.58509634298455e-12,3.99682042883555e-09,18.474637455328,"Vim"
1.34361205775343,6.14323587915631,7.1663942731986,2.95523235687449e-08,2.04153928434494e-06,8.95563727758824,"Vwf"
0.844147619656789,8.59450854838928,7.50676154688531,1.11398503453619e-08,1.00318330877964e-06,9.9064863935208,"Wfs1"
