logFC,AveExpr,t,P.Value,adj.P.Val,B,gene
-0.7168412666376577,13.240165974107084,-8.80973342201676,5.435446140381994e-9,1.7684487023191225e-7,10.544631583747108,1110008P14Rik
-0.6613656152196082,10.736962374705456,-7.760447195776537,5.335161157104113e-8,1.2572531642652356e-6,8.233768905353575,1190002N15Rik
-0.667495141349193,9.916061662606559,-9.74565708953726,8.006205170099756e-10,3.4977651842002076e-8,12.48181503152372,1700019D03Rik
-1.2959297351992256,3.6338977784305593,-2.846636683276281,0.008900399428289579,0.030307031949266944,-3.718326898934955,1700029P11Rik
1.0053947777705747,7.294787963629206,8.307630034375649,1.5920347691276907e-8,4.3872302408256524e-7,9.457246174699023,Abi3
-0.6487077666667264,8.125893082016189,-6.195179616667596,2.1007512182140424e-6,2.9202110557756254e-5,4.524558137591445,Abtb1
1.1111352743852592,9.06213627960767,10.739498571336197,1.180861124033958e-10,6.691104099441854e-9,14.415044711528282,Acot1
0.793807746552416,9.43449040862469,10.701248615924866,1.268353398061873e-10,7.028907897171456e-9,14.34291745520737,Adam17
0.679413878765735,8.198980826885595,5.673216910433415,7.613775179772032e-6,8.971090708315504e-5,3.2295269688381456,Afg3l1
1.1251718075890516,7.383239247229029,4.145308676816616,3.639636512926479e-4,0.002338176679578119,-0.6232098791188045,Agtrap
0.8317715557141977,9.259868982692959,7.115295904822679,2.33591132694482e-7,4.548262865553176e-6,6.740799273236879,Ahnak
-0.878135222512969,11.820215568534005,-8.058809150032008,2.745542008801933e-8,7.100394025840076e-7,8.905845178777685,AI593442
1.6705213586124514,9.91166603604415,11.8915931710562,1.4821160005709938e-11,1.1155688046088838e-9,16.506311405116104,Aif1
0.6155231312676482,9.813867940522657,9.260509572304764,2.1305411159719662e-9,7.900234446946048e-8,11.4921056584983,Ak2
0.6990584733928976,9.401702072121187,4.546974824375233,1.3106365917276545e-4,9.969140772371887e-4,0.3869699723038762,Akap12
-0.7023533780701243,9.715631894854631,-9.197780267491416,2.4232877164507103e-9,8.791827305079808e-8,11.361875971973983,Akap7
1.5869061618330884,7.69943595549348,17.138276651395742,5.618082213378711e-15,2.17938373862068e-12,24.357415922147972,Aldh1l2
1.2230153368718222,9.46620320423881,11.061796105892652,6.509670726159085e-11,4.052872774323489e-9,15.015770173037328,Alox5ap
-0.8924338122087541,8.793199763448081,-5.844807949919051,4.971622264538505e-6,6.130046718842954e-5,3.6577282034852594,Amn
1.816433009906886,7.340691371584729,6.998581112780546,3.0688510267139107e-7,5.668943490006685e-6,6.465088376248113,Angptl4
1.6175537142183178,10.489854288967638,17.849760961140394,2.2636960448793958e-15,1.241270514834405e-12,25.25031184257348,Anxa2
1.343892843061852,9.972584115241467,13.855984245198504,5.90403337126306e-13,9.924680097093203e-11,19.73863279853614,Anxa3
0.7559232253770487,11.303650958284013,9.868303637845374,6.280776447356309e-10,2.8794505112743515e-8,12.727161309942346,Anxa5
1.1884505053992864,9.102052676926808,8.752878830072623,6.128526606562362e-9,1.9316349798058746e-7,10.423202995669044,Apaf1
0.6582832745747578,11.932586724178863,8.025247645581826,2.956824809680653e-8,7.529396858216605e-7,8.830837065750554,Apcdd1
0.9576936013452809,13.531399436740811,9.059610534379253,3.2236347890589948e-9,1.1134787836455145e-7,11.073185527029871,Apod
1.527096545289272,6.378195335392869,3.9471312610707177,6.010157726793959e-4,0.003444230160934311,-1.1164849603707268,Aqp1
1.0507756361452218,12.919213101517483,10.819728140091641,1.0170198541418213e-10,6.123771776999977e-9,14.56575415669531,Aqp4
-0.7502407504815091,10.290829556573735,-4.996284781149726,4.181664012537979e-5,0.00038265985284428096,1.5240079030450602,Arhgap15
0.9740443191604884,7.814098908291441,10.178446993969844,3.4281255531458716e-10,1.6949056043641794e-8,13.338978093807441,Arhgap18
1.360360693054864,9.795763064579836,10.561649461832657,1.6487803856321357e-10,8.940644607250388e-9,14.078158928490549,Arhgdib
0.6805800908649187,6.010780245374657,3.1042318995294376,0.004833454678760558,0.018649664839318663,-3.1384058130830486,Asgr1
-0.6046747588508836,13.478315018419103,-7.125000206555365,2.2836834806371344e-7,4.481173460254113e-6,6.763647942880189,Atp1a1
-0.6441788542228608,12.745397652655116,-5.747994490866373,6.3211040793200146e-6,7.61139597138843e-5,3.416400071724979,Atp2b2
0.7130470465837958,11.112306364387939,7.000603998285736,3.0543250787826945e-7,5.662853445698944e-6,6.469881133058408,Atp6v0e
0.6040617530469493,9.294218374039808,7.374993226960444,1.2807554684509037e-7,2.6689462096685565e-6,7.34819015492652,Atp7a
-0.6100493583287473,10.925633236739703,-6.6332247548673315,7.290469147918057e-7,1.2133939245198272e-5,5.591501891670969,B230217C12Rik
0.7157948333180304,14.026560803134327,6.507787004098841,9.848993379641671e-7,1.557816467743203e-5,5.288053088579643,B2m
0.7270900654262549,7.6921677155892825,7.2146544712225955,1.854200144820435e-7,3.7253909682587468e-6,6.974184290841736,B4galt1
0.7782651539410927,9.585446340735087,9.401928544600866,1.5967620983665741e-9,6.412788185871267e-8,11.783791529291072,Bach1
1.0484142807280339,8.619345805132278,7.302683398510432,1.5127087777182265e-7,3.1010529943223644e-6,7.17992350455946,BC028528
-1.3448769674808072,6.093529291733711,-3.5593215881349134,0.001588243276197651,0.0076426630170465205,-2.0655491671478936,BC030499
0.9866639356641758,10.115201707382234,12.996197197435093,2.3118703302638936e-12,2.8919313430471434e-10,18.37239301112403,Bgn
0.6748866675712323,8.728200860253311,6.190398538075846,2.1254098362406434e-6,2.9285360120660012e-05,4.5128047754146525,Bmp1
1.690277781157398,11.985503439479267,14.0689341624263,4.253787349794739e-13,7.661374858933882e-11,20.066073903824133,C1qa
1.7011476788940216,13.223170136478894,14.336118912184402,2.8349157739141423e-13,5.4986462491727e-11,20.47100070225474,C1qb
-0.5950134868786654,13.046937994800821,-6.41446872262872,1.2333774078855353e-6,1.8791305945518896e-5,5.0611964427545715,Cacnb4
-0.6076870615376401,9.584489597041834,-4.165251733397718,3.4600658632475345e-4,0.0022381545524568403,-0.5733387317736627,Cacng3
1.0019220326124536,8.678116422890406,9.34900169130457,1.7782182153860794e-9,6.951592604799999e-8,11.674935399743063,Cacng5
-0.8177635890883378,11.4306345088343,-8.510679614314846,1.026752542270353e-8,2.9419960628803353e-7,9.901060461655597,Cadps2
0.6529468043435577,7.018433313200104,3.245446070558606,0.0034360494946736367,0.01429702772412471,-2.8113743877771338,Calca
-0.6862554795425737,12.948185426550317,-10.235671707261586,3.069709002579045e-10,1.532726980198626e-8,13.450529768465998,Camk2g
-0.9738968276429097,12.444396532532984,-8.085836294843748,2.5867041495431502e-8,6.758937319246688e-7,8.96614002771426,Camkk2
0.6937616581519387,10.637533002298978,5.930380081995494,4.023759199307047e-6,5.111289078615979e-5,3.8704193269956804,Capn2
0.6417817204598483,11.688133855557181,10.412414486421566,2.1880409153044022e-10,1.1259479934571532e-8,13.792468541561455,Capns1
0.6683971987842156,7.746368754113673,4.428400521323853,1.77244452287601e-4,0.0012839283232760007,0.0877200132726097,Casp6
1.0128779944876345,10.230762414816956,10.775394971932267,1.1044212212311319e-10,6.401834734101837e-9,14.482571894948926,Cav1
0.6000933162121337,9.563190367135068,8.55350886143261,9.366774050753688e-9,2.7147495136753357e-7,9.993966803108016,Ccdc3
-0.6641734212501753,10.2865631368924,-5.0922357289291345,3.279132903291072e-5,3.096754163164209e-4,1.7667911434065768,Cckbr
1.9125315781039187,8.87632368196761,10.781262114465196,1.09242217501957e-10,6.401834734101837e-9,14.493594092108722,Ccl9
1.0635257522642558,11.801605539521688,12.616501582747535,4.3188042847172265e-12,4.537443751631036e-10,17.745509833993417,Ccnd1
1.0692916357477638,8.325206491097223,9.40024074237694,1.6022433301998406e-9,6.412788185871267e-8,11.780325873944008,Ccr5
0.7705507881973576,12.33070773741979,9.928402321743816,5.580281054355701e-10,2.6056812367699814e-8,12.846677417935428,Cd151
2.1763427976524143,5.6634729181036425,6.616286321183992,7.591867009111524e-7,1.2470939845911861e-5,5.550627603889573,Cd248
2.1308474835843176,9.842391564745572,18.082182347723894,1.6935574409814127e-15,1.067576271858658e-12,25.53460414081181,Cd68
1.5096186048079994,11.91554499282158,10.802618916222876,1.049870715322781e-10,6.228821196909158e-9,14.533680374703483,Cd9
0.7204277106663163,10.028938429176346,7.8866536547771915,4.022322044713653e-8,9.94341670171125e-7,8.519497750032704,Cdc42ep4
0.5886195556275067,6.5754165343070365,3.1501762046507853,0.004327551044723893,0.017170605758098027,-3.0326575123496875,Cdca7
-0.6133383921880107,10.520275482544383,-5.718261974394722,6.806083310233058e-6,8.133430837323533e-5,3.3421447253863956,Cds1
1.4371080115658112,7.8189854539303125,8.84222135352392,5.076157708601442e-9,1.684148902926123e-7,10.613824027196095,Cenpa
0.9778327013287538,6.3478118953678475,6.646108358429491,7.069421736710251e-7,1.1804997953056224e-5,5.622569881099883,Cenpl
-1.3034372712060103,5.6342342298514385,-3.1145756911814457,0.004714820776818824,0.01826178277841577,-3.11465475439784,Chrm3
-0.7570091798193046,9.846760754425796,-7.085135972842859,2.506170224344008e-7,4.861006323602628e-6,6.669713796182483,Cirbp
0.7310695466288498,9.85149792137534,6.320423091674684,1.5488126007515406e-6,2.2509112235129736e-5,4.831646120197357,Cklf
-0.6010577575927248,10.431224112157901,-5.296510750656713,1.9573014448800162e-5,2.0103199972566034e-4,2.2828504963150937,Cldn10
0.7654385682506677,10.684376928388701,8.742855977093397,6.2598451764081966e-9,1.948666618804107e-7,10.40175151132146,Cldn5
0.6446722161648464,8.968297711734383,7.860849755012815,4.260720717090828e-8,1.0481372964043438e-6,8.461249685887669,Cln5
1.187830546943403,14.143867041930763,16.505778751752423,1.2956296702881625e-14,4.226910176309253e-12,23.533705491943106,Cnn3
0.9036853267261955,7.926741573165459,5.4729295416182415,1.2561470617725487e-5,1.3711579291166587e-4,2.727178895873445,Col16a1
1.4345085053207545,7.462163388390413,4.152632829436176,3.572638395780401e-4,0.0022980631925919085,-0.6048989342506923,Col18a1
1.406672743495295,9.824215962822096,13.694108723573892,7.595070614499579e-13,1.2355464873845605e-10,19.48687818631941,Col4a1
0.841302242474291,8.757375365929796,8.059070548186655,2.74395872564484e-8,7.100394025840076e-7,8.906428799123258,Col4a2
0.8080763072202516,8.471642024500056,5.946157111855798,3.870153272178267e-6,4.9410589750873424e-5,3.9095674325066803,Col6a1
-1.8805273956736142,6.33506953582348,-4.43238368662843,1.7545667509295845e-4,0.001273133830926316,0.09776146369424055,Cort
1.0581300509426037,12.884828315683404,12.34341177508632,6.8292960844331085e-12,6.498139651659653e-10,17.285324383794002,Cotl1
-0.9494850247864729,9.17903903267753,-8.762880216168755,6.000314439479282e-9,1.9151636530565836e-7,10.444595107988729,Cox6a2
1.1678738114807394,10.930299542052389,11.800313438473742,1.7377606533798516e-11,1.2887539669109693e-9,16.346196374257765,Cp
0.683936939448449,7.977439229487221,4.9148382277286355,5.141746826875691e-5,4.541125962860615e-4,1.3178206969023183,Cpne2
0.8279351491730229,9.398086500062053,7.833500108065488,4.5292806202058775e-8,1.1087942799853515e-6,8.39941603611811,Creld2
2.830922782303687,5.583824197164298,15.59092410346295,4.5570354745020245e-14,1.0943395189482718e-11,22.289093316410202,Cryba4
1.1120416429822741,13.563696474857487,14.218714359347477,3.385755141013963e-13,6.323838213382746e-11,20.293871685284298,Csf1r
1.096120256344132,9.012800105961338,8.627593072218016,7.995835161728773e-9,2.3719409835646e-7,10.154090459493268,Csrp2
1.6542234570449323,10.76879039332554,12.910412190192245,2.6592022583504807e-12,3.192942140205113e-10,18.232056091643702,Ctsh
1.0009696576117184,12.881405703153089,9.316885748260672,1.898566558381678e-9,7.198850491668273e-8,11.608701608466887,Ctss
1.573270729392643,13.060400397889154,14.698429809905713,1.6508599415229628e-13,3.4688694521251257e-11,21.00984771617098,Ctsz
0.8103991313571457,11.736257446584164,9.530524058130716,1.2311546202606832e-9,5.162303869114319e-8,12.046743269329532,Cyb5r3
1.8835244102848605,9.675035013706436,12.436092886277736,5.840787299028382e-12,5.775507911568653e-10,17.442389213260903,Cyba
1.5309904658530868,9.599386475345275,15.749288456652799,3.6496568670044905e-14,1.0225121989057581e-11,22.509223759032633,Dab2
-0.7363722858718409,6.40187324744174,-4.061624756505058,0.00044995238724427413,0.0027471064029937946,-0.8320422472420441,Dapk2
0.6570832402099824,15.362253512701328,5.514288593592131,1.1324670590124823e-5,1.2691180841333219e-4,2.831112944377013,Dbi
-0.727708490902613,12.189871447914019,-5.562657256327844,1.0033550915936375e-5,1.1396215601141249e-4,2.9525354887895823,Dbp
1.2435255684487,10.534834367772863,9.527520284908457,1.2386253582447603e-9,5.162303869114319e-8,12.040625893933733,Dcn
0.8134282954902016,8.686872259095065,5.409079508421314,1.4744953269221553e-5,1.5888632336898354e-4,2.5665424477216288,Dcxr
0.7666537793190912,8.840036676568843,6.2147371542335,2.002877086888216e-6,2.8135122978209678e-5,4.572613577436963,Ddah2
-0.6160115234053102,11.081405077828558,-7.385598690674945,1.2499385530704647e-7,2.615535320802636e-6,7.37281326350557,Ddit4l
-0.6276695274408152,13.452521147164937,-6.816252323493663,4.7164323416582913e-7,8.316422482161805e-6,6.031084981920182,Dgkz
1.919647125109346,11.557051341028746,16.480112730590758,1.3410779857415832e-14,4.226910176309253e-12,23.499661834104227,Dhrs1
-0.7295816251234067,13.030836513417254,-10.048686623879771,4.410114283123617e-10,2.1181148885516573e-8,13.084492933940755,Diras2
-0.735106289498729,7.788827792807143,-7.1358622268994365,2.226640462641992e-7,4.3863077551185805e-6,6.7892086164904875,Dlx1as
1.8391016713990207,8.233387697847563,7.659159341156733,6.702882293119805e-8,1.5226412344235666e-6,8.00293613220332,Dpm3
0.6092061930956073,10.206988214051139,9.743185201010899,8.045622870656833e-10,3.4977651842002076e-8,12.4768501984231,Dpysl3
-0.851036216517317,8.423436534736972,-3.9260356416450857,6.338778253388926e-4,0.0035998264337658062,-1.1687152040279845,E130012A19Rik
1.6507078930471089,8.357324182018909,11.43886012565266,3.291991270668945e-11,2.3301039499465783e-9,15.702918487495872,Ecm1
0.6129363882817147,6.550484830349631,2.7292717530164765,0.01168558030946319,0.03751138224100756,-3.9744241388128976,Edn1
0.8458311356959884,11.486411977824718,8.779834291710108,5.78924449362748e-9,1.8714846141899605e-7,10.480827795579376,Ednrb
0.9526342873239019,9.308146842248975,9.093556252291505,3.004665643304674e-9,1.0450019889093427e-7,11.144346571372953,Efemp2
0.8336594374990752,8.303357152529813,8.638440799050661,7.81316723139823e-9,2.3314675945527382e-7,10.177474580269,Ehd4
0.6773728664737773,9.679824099581651,5.8964942539268925,4.374955063316998e-6,5.4746646114907244e-5,3.7862669784012404,Eif4ebp1
0.6536756992660497,8.051608065702775,6.983527802966576,3.1791895793988e-7,5.813406568245729e-6,6.429407471854326,Elf1
0.7857902947101517,9.100041893595582,10.723579766772621,1.216490150635335e-10,6.8163998107266595e-9,14.385048572339294,Elk3
0.8333021918687165,11.002660678752411,10.466738315031291,1.9732742894809353e-10,1.0474970780897217e-8,13.896783738740353,Elovl1
0.6446865239950264,9.976827554713003,8.295627737132792,1.6341306919911353e-8,4.478761456364835e-7,9.430838911628985,Eltd1
1.8301419817969264,8.030795009748978,9.2967336480741,1.978341326034407e-9,7.404396794082489e-8,11.567071724783275,Emp1
1.8839378713881594,8.45734657276863,12.013807241663885,1.1993659204554099e-11,1.0007857108823216e-9,16.719237182435148,Emp3
1.3127191164456715,8.087468747153544,13.071513868787392,2.0457138072574237e-12,2.645265315384407e-10,18.494989381501924,Ezh2
0.686051297887148,9.338479453859756,8.2364850961163,1.8589133375480366e-8,5.013101583558689e-7,9.300431917884001,F2r
0.6040696196066067,14.698491723245503,5.607390077769171,8.972386483503041e-6,1.0330535396416858e-4,3.0647029010038054,Fabp5
0.7441583787925435,8.80211813740262,6.192881448657879,2.112567556479084e-6,2.9202110557756254e-5,4.5189088084255875,Fbln1
-0.6404220292335938,13.092889991111395,-8.833480322663924,5.170352260866292e-9,1.704188656963968e-7,10.595221374119475,Fbxw7
1.6833536203476054,10.22109868801864,12.200858814718936,8.70079619665838e-12,7.697914950833019e-10,17.04194220848137,Fcgr3
0.6326223163777634,6.725927427795161,3.2097144758887812,0.0037473835424107565,0.01537677396613299,-2.894675706138421,Fgd2
-0.7418230096545779,9.401547453645572,-6.947609559875977,3.4591567943726616e-7,6.252518893914456e-6,6.344159679698565,Fgf9
0.8083558632645742,10.79072314632674,8.754722839017965,6.104677123718239e-9,1.9316349798058746e-7,10.427148182085926,Fgfrl1
1.5484671765461917,8.75269785689678,11.982899791827794,1.2651332628376545e-11,1.0007857108823216e-9,16.66554532025619,Flna
0.6029988461344779,7.5937029813853725,4.223004304775617,2.9881935901486707e-4,0.001993314851206316,-0.42871317927716746,Fmnl3
0.7113521347468935,10.265877977232998,8.696841397701176,6.900948829396536e-9,2.1091809058573775e-7,10.303095536430252,Fndc3b
-1.249701846513375,4.7998004486583,-3.0348936986556763,0.0057059719865714025,0.021205023381193504,-3.2967376353677427,Fv1
1.240344696743084,10.748228880883353,10.818141308618285,1.0200214738607933e-10,6.123771776999977e-9,14.562780896732285,Fxyd1
1.2470284371230238,9.284567135416061,12.168318762235595,9.198040956423099e-12,7.997538024696843e-10,16.986077998309838,Fxyd5
-1.0696557697986657,10.029368518784498,-6.905622598913682,3.818617305684873e-7,6.853127072088546e-6,6.24431184798684,Fxyd7
-0.8527331397318956,9.747741324198433,-6.509815026465614,9.801067409183057e-7,1.557816467743203e-5,5.292972838217093,Gabrd
0.7256411449855833,8.978743748412136,6.037790047308239,3.088613705221818e-6,4.0562184675608406e-5,4.136516671307664,Gadd45g
0.6240168579590004,11.01115872837905,9.45721759185893,1.4274973189894778e-9,5.852739007856859e-8,11.897112396449028,Gba
1.9863734964423854,9.653454509061794,8.14794740536303,2.2564672473767125e-8,5.926752254437897e-7,9.104333607148192,Gbp2
3.675001997691954,12.85430693421662,29.05735752082173,3.1143479575142825e-20,7.852828374872263e-17,35.8557598592959,Gfap
1.2005027456669617,8.68271968309581,3.7246672593355665,0.0010515698887440777,0.00547837494724833,-1.6640198700398683,Gjb2
0.8663275705858989,11.019182168972403,9.133362398479143,2.7672932139723085e-9,9.827788505677713e-8,11.227597639467508,Gltp
-0.6712005108260205,9.751216211935024,-4.563648113289004,1.256166520667699e-4,9.627428212351378e-4,0.42909658573014653,Gpc5
3.178453380860299,8.39749132390409,12.743705265575285,3.4975352017271924e-12,3.7527808558106876e-10,17.95718315904302,Gpnmb
1.4024806270773982,9.797741037472568,10.110982846983397,3.906790320358819e-10,1.91281005685141e-8,13.206934463790653,Gpr17
0.7031333844058864,9.327420888570739,4.142877120677389,3.66215388480376e-4,0.002349649114639359,-0.6292878136445692,Gpr34
0.6319597269040979,8.214795768030205,6.229815731361491,1.9305964813389157e-6,2.727170323639258e-5,4.6096382364175135,Gpx3
0.9073858656762201,8.560430581382386,6.171105841469427,2.2279439166285564e-6,3.0531307531407095e-5,4.465355090483829,Gpx7
1.6784799613239039,13.207582686575764,17.78318459016098,2.4613732199770077e-15,1.241270514834405e-12,25.16821861534592,Grn
-0.764207754335004,11.146612827806385,-12.746297053904234,3.482594148398953e-12,3.7527808558106876e-10,17.961478532839077,Gtdc1
1.3423267913616443,10.001456662956949,15.23971795301011,7.506867695251836e-14,1.645962338571957e-11,21.79364892191131,Gusb
0.8477609845630539,11.563915989675982,12.985845040957317,2.3511636935342627e-12,2.8919313430471434e-10,18.355497464749263,Hexa
0.9732156043436321,14.03280181179339,8.244355344716158,1.8272547663248214e-8,4.954218164825846e-7,9.317812544243992,Hexb
0.7652856127148623,12.110931758881316,6.875893335224425,4.096048503228826e-7,7.273370634430624e-6,6.173486331298559,Hist1h1c
1.6635136372448347,7.963641772767853,6.555807010108128,8.775793163833687e-7,1.4094370995290857e-5,5.404423927121174,Hk2
1.5690465617355314,9.356040558289044,11.141548490795138,5.628002541704253e-11,3.5477521022268187e-9,15.162501632152821,Hmgb2
-1.2307081936220075,4.771174552862075,-2.973470537068514,0.006603276728054209,0.02390547346703329,-3.435667389477969,Hs3st3a1
-0.99980090725535,9.718288812565556,-9.16963047369247,2.5678442342812487e-9,9.24974176677167e-8,11.303265804046006,Hsd11b1
0.9059762001609627,8.819600086660849,10.455822411437538,2.014610152212617e-10,1.0582998955841904e-8,13.875851933450516,Hsd3b7
1.3908607000477315,5.573257320364197,4.213425861612947,3.0617775175026944e-4,0.0020289808174462666,-0.452720023866525,Hspa12b
1.145118695624826,10.825789234828163,8.770161946761085,5.9087062857295256e-09,1.8979366750913376e-7,10.460161672320726,Hspb1
2.137897008909017,9.336599100569774,13.625964772581739,8.450479400739448e-13,1.3021036343696236e-10,19.38015295987544,Hspb6
1.0645846853499343,10.012283203973405,9.201123440160785,2.406685857840686e-9,8.791827305079808e-8,11.368829747194422,Hspb8
0.8333047203653772,6.919760179167228,3.3034144582763902,0.0029834506910305235,0.012782958228434095,-2.6754806969880374,Hyal2
0.7906291655783628,7.555012190088522,4.753141370989897,7.755250493561287e-5,6.443118326034526e-4,0.908421886362456,Icam2
1.2428167685146334,9.888820905217424,11.975474774435298,1.2814818547843203e-11,1.0007857108823216e-9,16.652630995758752,Ifitm2
2.3135903241525693,11.888307453002575,16.29142100608189,1.7303800925036845e-14,5.1331216508800475e-12,23.247862220105183,Ifitm3
1.0564405938473238,11.091141910418488,7.5817677662368625,7.987105224224345e-8,1.7458873108211222e-6,7.82565654615418,Igfbp2
1.1499412996507081,9.209991660349225,12.835973769831092,3.004331781236615e-12,3.5234523657619183e-10,18.109672315109236,Igfbp3
0.7706438328967807,11.53258401520427,4.8163185623294025,6.604226594531802e-5,5.588106496010717e-4,1.0683677771789402,Igfbp5
1.204986282670246,11.429584522859932,12.759853131899254,3.4055166307406935e-12,3.7527808558106876e-10,17.983933700921032,Igfbp7
0.7996631390973327,8.388339666331078,6.106653716435999,2.6084708144540337e-6,3.498542105662684e-5,4.306581772730633,Igsf11
0.9553473944150533,5.943891208798359,2.7301614353141,0.011661666513609503,0.03745846129180429,-3.972503703548399,Igsf9
0.604359096672938,7.9374583352902794,5.742974648901161,6.4004545759229585e-6,7.685117244376067e-5,3.4038678029031324,Inpp4b
1.0550350600804022,10.703342001661474,13.249498882390593,1.5354706122094244e-12,2.150938415936702e-10,18.782440054356833,Iqgap1
1.1266847687414148,11.617471363350537,11.432986086607574,3.3267397262770893e-11,2.3301039499465783e-9,15.692341026247025,Itgb5
0.9122129322185896,9.768034923114328,9.452737801805046,1.4404960136142583e-9,5.858404352142504e-8,11.887945537380553,Itih3
0.7416116970313479,11.157035768288635,10.320213375915603,2.6095084998678437e-10,1.3159751364833535e-8,13.614577950934823,Jun
-0.8546044904005035,8.459280638580717,-6.74833322428245,5.541088625540856e-7,9.63576204779398e-6,5.868411138625101,Kcnab3
1.2045450683980095,7.29980812000769,11.184253154340134,5.207610216411844e-11,3.3669202976108884e-9,15.240761958755876,Kcne1l
-0.6308954625519464,11.919439113615729,-7.306707090196123,1.498735627604704e-7,3.084948477555315e-6,7.1893041915854266,Kcnip4
-0.6183821698918879,11.010389813513186,-6.001696610437029,3.3752602677334794e-6,4.3756908817943284e-5,4.047210619858982,Kcnj3
-0.7487958938909001,9.750702541544609,-6.362973340691836,1.3970027437979728e-6,2.053960593869731e-5,4.935617629543003,Kcnj9
0.9380149364912196,8.608035855202509,9.038020818809025,3.3713941597133776e-9,1.1565946086690179e-7,11.027846763960373,Kcnk6
-0.7005004442135031,11.026339510655758,-7.7828468651736005,5.0735080695978785e-8,1.2068726978765141e-6,8.284634958101512,Kcnv1
-0.6626332168307612,11.947009690967876,-6.354614447519726,1.4255795392547688e-6,2.0898830280412205e-5,4.91520733291126,Kifc2
-0.6538874769352259,8.062384084952114,-4.565760974842897,1.249427634253659e-4,9.596447895474842e-4,0.4344356454391587,Klc2
2.327129105965927,7.587542178277355,9.007418293324156,3.5928882170342224e-9,1.2242523836826746e-7,10.963474508735814,Klhl6
0.9463990897222164,6.302253456718493,4.970995898508214,4.458694795750189e-5,4.008056658639609e-4,1.459994827293734,Kntc1
1.0120799520805535,7.157002259652069,7.416395684588399,1.1646860179530497e-7,2.4472964952238453e-6,7.444234211512667,Lamb2
0.8325561705563016,12.959383705111746,9.123016208462166,2.827067504532914e-9,9.942830103100542e-8,11.205979752847703,Lamp2
1.361218832801232,11.29848145368112,11.971677098977501,1.2899280429774122e-11,1.0007857108823216e-9,16.64602334652302,Laptm5
0.9019216937684568,7.945722482304646,4.8513029331526,6.0423214089296544e-5,5.199902195432124e-4,1.1569483922149484,Lbp
0.6344749195043877,9.255849277546083,4.717101813768438,8.499926600021375e-5,6.947346814247617e-4,0.8172005614133102,Lcat
2.675532177071778,13.297179313233174,23.34885401764639,5.0170653677168716e-18,6.325265162349046e-15,31.14678980386244,Lgals1
5.156285545123675,9.389706620537645,18.393645510825742,1.1537571602932825e-15,8.311996227655748e-13,25.910067534681353,Lgals3
1.7495234383386866,9.243204150151055,9.77581924437322,7.540966398210406e-10,3.335885398787288e-8,12.542332563872037,Lgals3bp
1.076518553243005,9.044617530872696,5.3359060018316935,1.7724119426728908e-5,1.8467507080370635e-4,2.3821986084564397,Lgi4
1.1367758586753027,11.02500105539091,9.58528077047031,1.1028199867501808e-09,4.713153553543357e-8,12.158052023210047,Lgmn
0.6395740791663623,9.076630834652338,5.692346391325635,7.25951896071226e-6,8.614059792675746e-5,3.2773702335706343,Lims2
1.0713204834109797,7.4591858650576555,7.973065172528258,3.319072152448899e-8,8.286178645940495e-7,8.713913747725858,Loxl1
1.965783182890753,7.444138832496473,7.7671001165164775,5.256032863560682e-8,1.2444213019219024e-6,8.248883528201215,Lrg1
1.125489630710463,10.283016736713243,17.637096675598972,2.9605645661700575e-15,1.3572842824723273e-12,24.987041539242433,Lrig1
0.5894077655055665,9.637612663496537,6.601782058289856,7.860049209609361e-7,1.2827905554711977e-5,5.515601755716768,Lrrfip1
0.8095870499591361,9.519827010552753,3.0225301836580423,0.005876640931206635,0.021743140290590653,-3.324804467031745,Lsm7
1.0798933876941268,8.025309498461676,6.175087733633268,2.206376867836695e-6,3.031814317302576e-5,4.475151327767595,Lst1
1.1727806731512171,7.946211621587521,5.603374773172663,9.062806612398963e-6,1.0387212215074538e-4,3.0546397234633655,Ltc4s
0.7510056779347284,8.494372858221993,5.204371111732308,2.469514547798769e-5,2.441914091088077e-4,2.050248305037835,Lum
0.5938640317276901,11.969062773310192,7.952079865122919,3.477327275301142e-8,8.638503177016581e-7,8.666790491707797,Lxn
0.9152017114563593,11.89105179132306,10.534206936466115,1.7365013146864682e-10,9.316144819110488e-9,14.025830685788819,Ly6a
1.1934613250801014,7.955806923041361,5.716623259998033,6.833885353881534e-6,8.147348425443162e-5,3.338050268269228,Ly6g6e
2.078046450924447,11.480956108425765,13.914885864318238,5.390099857360968e-13,9.3731977864384e-11,19.829625602917506,Ly86
0.7086070300342023,7.5425752049238595,3.4794363362185763,0.0019358462520665991,0.008932476897133211,-2.25757633039738,Matn4
0.7419087165481043,9.950848012878987,9.25660896758197,2.1476345095900265e-9,7.905489658293798e-8,11.484022969707173,Mcm4
1.1757392874699555,9.302457682572143,12.456583223918393,5.642992377024603e-12,5.691522111467014e-10,17.476990166451348,Mcm5
1.3207424773847383,9.752832086278294,13.159949225551259,1.7732572272157566e-12,2.4169016748240705e-10,18.63821063684294,Mcm6
0.8093758858840507,11.095714091937698,7.73588934662314,5.637987712829278e-8,1.3163135201758355e-6,8.177925978100232,Metrn
1.219793998169636,10.871735386722575,11.595171909056067,2.492944585723199e-11,1.8220173254785642e-9,15.982932923510297,Mgst1
-0.6107384411870613,11.729029687891476,-4.981005231288503,4.346903074045967e-5,3.921544222256496e-4,1.4853321501867693,Mgst3
0.8516619865109507,9.089731982163615,8.023920745177525,2.965513499847858e-8,7.529396858216605e-7,8.827868427674872,Mmp14
1.0660013733117681,7.662175775128347,7.661631272849479,6.665545395479968e-8,1.5210111054029629e-6,8.008585641002428,Mmp2
0.6106200905596453,10.113600596406561,2.8005309983584667,0.00990983798134758,0.032987005240881745,-3.819584224800033,Mrpl33
1.3254986548944712,12.48104440765657,11.545686101699859,2.7215336268797106e-11,1.9606705829077687e-9,15.894588019663004,Mrps6
2.7908734456693214,9.346335255436454,17.440609994566085,3.803179061692804e-15,1.5982860006764009e-12,24.74107966970432,Ms4a6d
0.8368315187138449,13.043194685809969,8.877756382300014,4.711056648301667e-9,1.573368124330153e-7,10.689344330555969,Mt2
0.9063540740640675,8.647495534964275,12.007828571718171,1.2118059876418752e-11,1.0007857108823216e-9,16.708859369031185,Mxra8
1.188241398105391,8.39392915776036,11.235174078817975,4.748452351541181e-11,3.1508480537923914e-9,15.333798591750195,Myd88
1.0469616651644893,11.602021700048658,10.741979525749425,1.1754062231643631e-10,6.691104099441854e-9,14.419716846771987,Myh9
-0.8379992510006736,9.890000729061533,-6.770645039580922,5.255072286364354e-7,9.170010221500152e-6,5.9219095762505205,Myl4
0.8359516709521754,10.300662390993901,8.587368127432017,8.712452663111213e-9,2.5694092853842015e-7,10.067240798563422,Mylk
0.6326822809481397,10.196788349962722,8.35296521002021,1.4428324040025757e-8,3.9979141831785654e-7,9.556817426653936,Myo10
0.7867143961221722,7.8407619621816,5.1717926741482625,2.681382413290102e-5,2.6155147988823956e-4,1.9679339888223346,Naglu
-0.692455317576064,13.097851503148306,-10.370562058660203,2.36988528209146e-10,1.2072051997562862e-8,13.711851032355302,Ndrg3
0.7258184465598186,9.626312077622504,7.733029916258868,5.674376287978244e-8,1.318704129966557e-6,8.171418660889957,Nedd9
-0.6227267566764643,7.383107456761967,-4.01031625812485,5.123339124870201e-4,0.0030504131294829305,-0.9597055050037024,Neu2
0.8432708126265581,8.48754046732712,6.0881363176665335,2.729582357301664e-6,3.632001009992689e-5,4.260893855516368,Nfkbiz
0.6376824056136875,13.958217595902319,4.4141091654343985,1.8380981644268202e-4,0.001316694466364269,0.05169898760122482,Nme1
0.9594213749156814,11.14568832092231,3.9486588411895354,5.987026021687555e-4,0.0034387895475364856,-1.1127005778556454,Nnat
-0.7714430478992733,8.211053221888157,-6.159542002290351,2.291801464382083e-6,3.1152438773258343e-05,4.436897208277802,Npy1r
1.0614573070772666,7.775645467544573,4.318494721253429,2.3442778150796077e-4,0.0016239276128360524,-0.18898128888484145,Npy2r
0.6231710951585714,8.861777751642862,5.067558320837931,3.490581345866592e-5,3.2537895983743477e-4,1.704367382676038,Nqo2
-0.6337540792506339,12.013746654099263,-5.424212472788268,1.4194996305142743e-5,1.5328772241292258e-4,2.6046338485093337,Nrgn
1.7342765550038968,11.003124946810786,9.323076976546576,1.874729494027419e-9,7.162318816954753e-8,11.621480578458073,Nupr1
2.1931461960705607,8.244823325093058,6.5075705118215055,9.854123601231047e-7,1.557816467743203e-5,5.2875278768318275,Oasl2
1.8528727207848652,10.382375422667675,15.536468263410214,4.92072205088591e-14,1.1279636955735293e-11,22.212932325528698,Olfml3
0.8267744386860539,9.066692448166886,7.634202166230382,7.092081198498906e-8,1.5895717992902215e-6,7.945852627638855,Ostf1
-0.7941339502718995,7.754188525696979,-6.439162230214271,1.1619821966712438e-6,1.781117391432548e-5,5.1213165354815775,Ovol2
2.122776725348105,7.959359753774095,16.60974742828295,1.1272695179539363e-14,4.060585842172643e-12,23.671109625268286,P2ry6
-0.8689824556441677,10.18605906919478,-9.942212821018844,5.431024974381541e-10,2.5596877519444965e-8,12.874076362632525,Pak7
0.7484682747539227,8.733010148245432,5.008187609587882,4.0573344232699744e-5,3.74061014562166e-4,1.5541342203992574,Palld
0.9488124575885242,10.696888350722704,11.345796356808645,3.8895590532386286e-11,2.6506819331732976e-9,15.53486747990814,Pbxip1
-0.668981011777987,9.570591982325848,-5.32169576532521,1.836976669205714e-5,1.9100769778978178e-4,2.3463705315604386,Pcdh20
0.9425332256221344,10.224538807618071,9.390496441604375,1.6342700460671921e-9,6.489467592375473e-8,11.760310044691327,Pcolce
1.838667789671906,9.501615331147882,12.31405284799462,7.177364334006403e-12,6.70286080303598e-10,17.235378629011997,Pdlim4
0.7065217204289596,11.89135589965701,10.895698334970527,8.834914212766989e-11,5.433472240851698e-9,14.707744220970337,Pgd
0.8463525715181489,7.2804034376076325,5.98399823773862,3.5255589935555024e-6,4.547159591943835e-5,4.003377729049305,Pglyrp1
1.3877395893927917,7.259751095500469,4.879617684231772,5.622889315147725e-5,4.872204607609961e-4,1.2286428079940688,Plcb3
1.1345248537826231,8.081633619746487,7.704762615273089,6.047334628078356e-8,1.3989315839173921e-6,8.107031800184208,Plcg2
0.937831825928144,7.378864807989802,6.891395236385022,3.9489054811388293e-7,7.036865845011702e-6,6.210430411423106,Plekhg2
0.6810043993727845,9.202500791669722,6.3792192133203915,1.3431210705192281e-6,1.998041167737011e-5,4.975265286038397,Plod3
0.6912602821604819,7.845255337730228,4.1389195686769105,3.699098706468378e-4,0.0023583507935170706,-0.6391789103885781,Pml
-0.7034227404847476,5.447680611615165,-2.585557905980088,0.016215835028047406,0.04850323608923077,-4.280190954074811,Pnma3
0.9134676972914448,10.680137746777126,12.24317218581351,8.095505101405431e-12,7.290291468997784e-10,17.11441325406709,Pnp
1.094052632246855,8.17837793294619,6.9809765957242815,3.198287902320587e-7,5.8227313687374434e-6,6.423357617497002,Ppic
0.6049674748914617,11.372353571562583,3.5102765124646553,0.0017936416496736125,0.00842994859208204,-2.1836065873936006,Ppp1r1b
0.6693413361012608,8.12454182166776,6.1963810910697825,2.0946004832823495e-6,2.9202110557756254e-5,4.527511384889431,Prkd2
1.2992747968046878,8.805234761163772,13.620698970887092,8.520606768629304e-13,1.3021036343696236e-10,19.371887294370236,Pros1
0.6867768157206111,9.637497361994042,5.47604981063449,1.246356944365718e-5,1.369363414038413e-4,2.7350233903959627,Ptpro
-0.7658111864099578,11.287634078047496,-7.215622479683607,1.8500443652475721e-7,3.7253909682587468e-6,6.976452001235037,Pvalb
2.120423981024033,8.06026311241239,10.060601652384012,4.308912617263849e-10,2.089408300852076e-8,13.107949766612407,Rab32
-0.7197480709609353,8.81327729926296,-6.161886792528516,2.2787042311773065e-6,3.105812280493826e-5,4.4426686176939345,Ramp3
0.7594885237793397,9.27079664049094,8.043077960938904,2.8425742783448592e-8,7.313827594741391e-7,8.870705556866312,Rarres2
1.2750914976055794,6.7073389620830115,3.6657476406393066,0.0012184799272893867,0.006169472161968251,-1.807690729794464,Rasl11a
-0.6479133782429669,11.527331124876692,-10.423516796288414,2.1422650773694968e-10,1.1137569881623063e-8,13.813817551393754,Rasl11b
-1.0282601823522373,9.521796480301315,-12.259596849682541,7.872450103340193e-12,7.218321067480834e-10,17.142491932929346,Rassf3
1.544118890663188,11.338679064388016,11.977948028604155,1.2760120307678871e-11,1.0007857108823216e-9,16.65693340102201,Rbp1
-1.187618173193764,4.8455368456143555,-2.9392876696188828,0.007159490025405361,0.025480104585828677,-3.5124197796192376,Rbx1
0.7235582237191203,7.519787142560325,4.307394268337089,2.4113910769740657e-4,0.0016612903280300837,-0.21688448492771428,Rdh5
1.332964186136783,7.848816404497007,7.6691418647009995,6.553406459854302e-8,1.5069109217856667e-6,8.025745911200527,Renbp
0.7975319876072114,8.443268044271829,7.50502573045783,9.51079749948897e-8,2.032328465674698e-6,7.649094759793561,Rhbdf1
1.1555337148215388,8.036791696523835,9.120957623095926,2.8391186493088993e-9,9.942830103100542e-8,11.201676736498715,Rhoj
-0.7079997487450731,9.948994748864443,-6.323741946861878,1.5363892023194125e-06,2.239309464536647e-5,4.839762391386088,Rims3
1.080934641117285,8.195144219955846,9.3380700104604,1.8182739525238176e-9,7.053504263521241e-8,11.652405904370223,Ripk1
0.7534044519506281,10.726911024081517,7.650528910652854,6.834929978289082e-8,1.545674972220262e-6,7.983205328039107,Rnase4
0.7766469553718426,6.907683795703305,6.230943952492255,1.9252962353141916e-6,2.727170323639258e-5,4.612407631104906,Rom1
-0.6157232239902025,11.180032726593666,-4.507325512200888,1.4498421329033645e-4,0.0010896503541328862,0.28683558704896583,Rph3a
-0.8666960328605584,8.344745653620139,-3.7110544251816315,0.0010880164773715184,0.005616035921580929,-1.6972684439901462,Rps27
0.85061000903248,12.903870429212773,7.667761330896598,6.57387275020517e-8,1.5069109217856667e-6,8.022592209116418,Rps27l
0.9724728357706423,8.125906027317212,6.136684328255969,2.4235617420181167e-6,3.2766814651467464e-5,4.380608642655055,Rps6ka1
1.000863966567992,10.417602749703793,13.12694071655019,1.870264763862283e-12,2.482038211620393e-10,18.584845033635634,Rrbp1
1.092742448624123,11.211064813802167,9.902248752417655,5.87464542843316e-10,2.717966687668663e-8,12.79472376160351,S100a13
0.9808084513052118,13.075822060684546,8.88747717279844,4.615971110397527e-9,1.5518894873156483e-7,10.709973864528894,S100a16
2.2172708223663475,11.309883083510758,14.359694499264142,2.735997812006841e-13,5.4986462491727e-11,20.506419199229384,S100a6
0.6187478779458506,9.525346781713434,7.51236669750847,9.352956033844748e-8,2.0156819349862847e-6,7.666017293441733,Sap30
1.0636317436988802,11.892340873166603,7.005210325186408,3.02150978765913e-7,5.622684080872691e-6,6.4807928995495026,Sat1
0.5913059320316266,9.770620904182717,7.491725841355859,9.803756920308935e-8,2.086090554815104e-6,7.61841785186081,Scamp2
-1.0255032491278921,10.880559225649721,-11.899221195583394,1.4625959571690318e-11,1.1155688046088838e-9,16.519649721307182,Scn1a
0.6508343539443545,10.83924752769618,6.900032654271782,3.869275320966179e-7,6.919416823983136e-6,6.231002675830153,Scrg1
0.7938826672420861,10.651129222787034,6.570823649699313,8.465288333516134e-7,1.3639121107323278e-5,5.440763163157499,Sdc4
1.4614840721798532,5.7288335583321635,3.877536058283159,7.163078235475284e-4,0.003972576252212705,-1.2885648495816264,Sdsl
0.6124036201644006,10.387347835918716,4.888593237449527,5.496138125095012e-5,4.778797338767956e-4,1.2513691791349437,Sema4a
1.3692290280748023,5.345877183547558,4.840001423491255,6.218384299340662e-5,5.333216330199823e-4,1.1283325186431714,Serpina3g
4.299337849817619,10.02125360544692,26.601208269357347,2.445190194899191e-19,4.11036471762554e-16,33.97237267688451,Serpina3n
1.0824455877266068,9.757107536153267,11.287669970970944,4.318746183138026e-11,2.9039249335420088e-9,15.42939428716549,Serpinf1
0.9567935612709183,8.833401263984884,7.798994782015866,4.893081280885417e-8,1.1806607128949837e-6,8.321263214503919,Serping1
-0.5935736853423417,13.334987080303618,-6.445396954574504,1.1446318217141514e-6,1.7761163928936816e-5,5.136485723930539,Serpini1
0.6614891877021598,9.426110174681416,4.7200865665473355,8.435619641039034e-5,6.905978871714261e-4,0.8247546622570407,Sertad1
-0.8129946419953661,11.722162037672934,-10.569039858098842,1.6259483950689937e-10,8.91267147427493e-9,14.092235289165956,Sgtb
0.7804552920983806,6.438037167205711,2.5869251387565635,0.016165882382126087,0.04841124991274457,-4.277325016006091,Sh3bp2
1.0315911268262319,7.974003534583877,9.82859025558937,6.792932894710271e-10,3.031571733453442e-8,12.647929820024064,Slc11a1
0.6315898368736729,10.102221724310757,7.036510247645659,2.8078755932994226e-7,5.283625603361562e-6,6.554869810512114,Slc13a3
0.7738732743480821,8.625792135565444,9.732035346278945,8.22592702536721e-10,3.545585469139046e-8,12.4544456751422,Slc16a9
0.6171374537853851,10.929401238439704,9.295794881715171,1.9821407241743726e-9,7.404396794082489e-8,11.565131128534052,Slc1a4
0.7921038139421055,8.308164307838991,6.625752133560711,7.421899765929058e-7,1.223158186914387e-5,5.5734736019432916,Slc29a3
1.0404916802517852,7.790872778178667,5.87090504746804,4.660679400105582e-6,5.789114831214889e-5,3.7226560317903328,Slc38a5
0.595767741210333,9.900915808067895,7.645358862233433,6.915308264993343e-8,1.5568705169804208e-6,7.971380945402339,Slco2b1
0.9178356173249188,8.073964590936518,3.799607800754646,8.714103749725498e-4,0.0046750239584963495,-1.4804222773318418,Smpd2
0.9700597104554387,7.288475071317453,6.381937084057879,1.3343159003708926e-6,1.9918159101027388e-5,4.981895512888352,Smpdl3b
0.7328121266097093,9.562264458625581,6.295854194180216,1.644022525449336e-6,2.3755889959429805e-5,4.771528100751791,Snap23
-0.8023483263476888,8.777003564655853,-5.304464926829543,1.918462834056156e-5,1.974450626968407e-4,2.3029149087337455,Snrpn
1.0944417547613148,10.37070616406788,13.447421003853895,1.1199130916854709e-12,1.6610946239323028e-10,19.098402901212456,Soat1
0.9465733405745134,13.604192200868658,8.748705900399374,6.182851967120623e-9,1.936653569576975e-7,10.414273489237836,Sparc
0.8943119781133564,6.603970744671253,3.898903447828102,6.787635325419653e-4,0.0038033383273434786,-1.2358031478632832,Spc24
0.609532888006781,10.278057341349172,6.4439772689220005,1.1485592388053255e-6,1.7767436322991586e-5,5.133031967618276,Ssfa2
0.7483153514837199,7.817435247535149,7.4854137952734625,9.94601531061674e-8,2.107468706363035e-6,7.6038507782107025,St5
0.6609898126350293,10.249815466687968,6.214939071579677,2.0018911959567506e-6,2.8135122978209678e-5,4.573109521371832,St6gal1
1.443635170554362,10.583090928313352,6.745522242743915,5.578233875710568e-7,9.667021799040685e-6,5.861666989243313,Stat1
1.212897933372232,10.834564299870559,12.141777660455926,9.625361689930706e-12,8.227237119037381e-10,16.940427371807175,Stat3
-0.8381475070007695,13.02387737115249,-7.73762104863433,5.616066905833145e-8,1.3163135201758355e-6,8.181866356724287,Stx1a
1.3274572167385879,9.620046338868706,11.414002111194616,3.441658579517574e-11,2.377573180343442e-9,15.658129050756997,Sulf1
-0.799269617635688,10.722959687998857,-6.725250735481172,5.853751246684817e-7,1.0075244893184823e-5,5.813004324859257,Sytl2
0.8092532332203867,7.5982200852610084,5.285930918423954,2.0101943614964987e-5,2.0521073208556363e-4,2.256158816458816,Tap2
1.092786622033957,8.288857563261567,9.837606234536674,6.67299751258138e-10,3.004636290709634e-8,12.665935272837181,Tax1bp3
0.7155737124428809,7.932703810386334,3.5474040161075324,0.001635931627895272,0.007848123487670474,-2.094282936990295,Tbc1d13
-0.6180114464057063,10.165059667810228,-5.60450763086932,9.037202835778955e-6,1.038146102524676e-4,3.0574790025149223,Tbr1
0.7441806264054499,11.96183030090419,9.844678618339646,6.580447442534587e-10,2.9896573380812546e-8,12.680051916909143,Tcn2
1.1505257659605233,8.145005885930821,8.410708226006207,1.2733696436248988e-8,3.5478470236466104e-7,9.68324079911147,Tes
2.5807832183013972,10.645005826806605,15.643098469943938,4.234706824708772e-14,1.067781325850317e-11,22.361839084970434,Tgfbi
0.9311795931787173,9.993598890052121,11.22589123756592,4.8289242792603304e-11,3.162631836403876e-9,15.316860806605032,Tgfbr2
1.7004677107701733,11.4004067206217,15.649336847193029,4.197782400438775e-14,1.067781325850317e-11,22.370522491293528,Tgm2
0.6195513411066306,7.652419900999795,3.8409641836257666,7.85377259540366e-4,0.004295723991173606,-1.3787176448328617,Thoc6
0.8110466385556028,13.946043547887768,9.98722123252758,4.97256549661192e-10,2.3657214905107465e-8,12.96320000265177,Timp2
2.1444128929988535,7.754813697622622,12.582222669472838,4.5726372200058355e-12,4.706083571528455e-10,17.688178806822975,Tlr2
0.718811116225744,9.856912486728527,7.554836270511948,8.491054338783052e-8,1.845706337520816e-6,7.763781863319396,Tmbim1
1.040010243880112,9.288753868554661,8.206122813121505,1.9864263896065156e-8,5.328483129141307e-7,9.233302149829647,Tmem119
0.89715070247262,9.134194531303779,11.156049870080604,5.481447844690678e-11,3.4991065165538085e-9,15.189100912893842,Tnfaip8
2.0585930239024375,9.255014614717524,20.490502127363314,1.0011050482129155e-16,1.0097145516275466e-13,28.284737133265253,Tnfrsf12a
1.2833218219120688,10.790282247193474,12.812243060905047,3.123862384831752e-12,3.580372274251483e-10,18.07053722496214,Tpm4
1.0244804610462759,8.918593000704169,8.542999896604787,9.579978484660397e-9,2.7606760856081365e-7,9.971193294220928,Trem2
1.8714517560830473,5.363169188835736,4.0084211921480994,5.14794995697145e-4,0.003061451843514979,-0.9644148406904964,Trh
-0.8795312151134151,8.591995212130827,-8.421487857011279,1.2440737961023223e-8,3.5049520411977717e-7,9.70679226393646,Trhde
0.6562568041045064,7.560823119420935,3.790067936986258,8.925369573787052e-4,0.004763030556678106,-1.5038450812863822,Triobp
2.1906531291716314,10.432921530900511,19.42000468495665,3.3868474103414e-16,2.8466452483919466e-13,27.10452437383816,Tspo
0.8432019210635274,12.20558002599498,6.995055384996364,3.09433773982121e-7,5.6951624897512275e-6,6.456733797081068,Tubb2b
1.8285543506473454,11.493207161537509,13.386709186778694,1.2332733820546906e-12,1.776970761629087e-10,19.001891569472672,Tyrobp
0.7066831149204827,6.757486758385267,5.380157603392224,1.585671177504615e-5,1.6799453252428097e-4,2.4937108686139844,Uaca
1.0973239960005141,7.589429983145495,8.410774119067304,1.2731884268124343e-8,3.5478470236466104e-7,9.683384810468358,Upp1
-0.742838086550799,11.612372666286566,-8.191603419797362,2.050548303007062e-8,5.471383646595034e-7,9.20115669150039,Usp2
-0.6225684196067118,10.43282608184844,-3.6639994265890397,0.0012238101740226575,0.006184042793182627,-1.8119440293724889,Vamp1
0.8204346258575375,9.664141606560719,8.179865596409366,2.1039391276291126e-8,5.584297379280849e-7,9.175148889686898,Vamp8
0.6708783922408218,7.421150262922638,4.990508091846934,4.243378920899136e-5,3.8502135469350144e-4,1.509386252457439,Vav1
0.6054426118978286,10.708299507251127,7.988333152775124,3.208596206207019e-8,8.050224212886567e-7,8.748161694069186,Vcam1
3.265859520398067,14.184396718980635,31.795060917992444,3.772312515906909e-21,1.902377201771854e-17,37.74203344763022,Vim
-0.6444196387761079,11.708890632968505,-7.189749720495806,1.9644707202084824e-7,3.915741439530188e-6,6.915800688355342,Vip
-0.6848892105076809,14.476963909030921,-8.558217843763478,9.272828684247556e-9,2.703056361541065e-7,10.004166614901013,Vsnl1
2.01038872670477,8.287025291874182,12.411672270760187,6.085932267300864e-12,5.902183927691972e-10,17.401093056282612,Vwf
1.1058481312066317,11.291363941150976,9.134445527690737,2.7611112848146136e-9,9.827788505677713e-8,11.229859965316837,Wfs1
0.6197929732383889,10.637696395929193,8.676787436365865,7.201145013382221e-9,2.1745733115261402e-7,10.260010642239763,Zfp36l1
