receptor,rank,residue,atom,min_distance_A
AHR,1,D:GLY321,O,3.2
AHR,2,D:CYS333,O,3.27
AHR,3,D:PHE351,CZ,3.28
AHR,4,D:LEU353,CD1,3.38
AHR,5,D:PHE295,CD1,3.42
AHR,6,D:PHE295,CE1,3.52
AHR,7,D:HIS291,CE1,3.55
AHR,8,D:PHE295,CZ,3.58
AHR,9,D:GLY321,C,3.6
AHR,10,D:ILE325,CD1,3.63
CYP1A2,1,A:PHE226,CE2,3.48
CYP1A2,2,A:PHE226,CD2,3.49
CYP1A2,3,A:ILE386,CD1,3.51
CYP1A2,4,A:GLY316,O,3.51
CYP1A2,5,A:ALA317,CB,3.53
CYP1A2,6,A:THR124,CG2,3.53
CYP1A2,7,A:GLY316,C,3.61
CYP1A2,8,A:ALA317,N,3.63
CYP1A2,9,A:ALA317,CA,3.63
CYP1A2,10,A:PHE125,CE1,3.65
CYP1B1,1,A:PHE134,CE1,3.36
CYP1B1,2,A:ASP333,OD2,3.4
CYP1B1,3,A:GLY329,O,3.5
CYP1B1,4,A:ASP326,OD2,3.5
CYP1B1,5,A:PHE231,CD2,3.52
CYP1B1,6,A:ALA330,CA,3.55
CYP1B1,7,A:ILE399,CD1,3.58
CYP1B1,8,A:PHE231,CE2,3.58
CYP1B1,9,A:ALA133,CB,3.58
CYP1B1,10,A:PHE231,CZ,3.58
CRABP2,1,A:LEU19,CD2,3.25
CRABP2,2,A:VAL58,CG2,3.43
CRABP2,3,A:VAL76,O,3.47
CRABP2,4,A:THR56,OG1,3.5
CRABP2,5,A:ALA32,CB,3.52
CRABP2,6,A:PHE15,CZ,3.54
CRABP2,7,A:VAL24,CG2,3.55
CRABP2,8,A:VAL24,CG1,3.58
CRABP2,9,A:THR56,CG2,3.72
CRABP2,10,A:ARG59,CB,3.72
ESR1,1,A:GLU353,OE1,3.21
ESR1,2,A:LEU391,CD2,3.48
ESR1,3,A:LEU346,CB,3.48
ESR1,4,A:LEU346,O,3.53
ESR1,5,A:LEU391,CB,3.56
ESR1,6,A:HIS524,ND1,3.58
ESR1,7,A:PHE404,CE2,3.59
ESR1,8,A:MET421,CG,3.68
ESR1,9,A:LEU387,O,3.71
ESR1,10,A:MET388,CE,3.71
HSD11B1,1,A:VAL227,CG1,3.31
HSD11B1,2,A:TYR183,CE2,3.33
HSD11B1,3,A:LEU126,CD2,3.38
HSD11B1,4,A:TYR183,CZ,3.38
HSD11B1,5,A:LEU217,N,3.45
HSD11B1,6,A:SER170,OG,3.52
HSD11B1,7,A:GLY216,C,3.58
HSD11B1,8,A:TYR183,OH,3.61
HSD11B1,9,A:NAP901,C4N,3.68
HSD11B1,10,A:NAP901,C5N,3.7
MAOA,1,A:PHE352,CE2,3.46
MAOA,2,A:LEU337,CG,3.47
MAOA,3,A:THR336,O,3.57
MAOA,4,A:SER209,OG,3.59
MAOA,5,A:ILE335,CG1,3.61
MAOA,6,A:ILE335,CD1,3.63
MAOA,7,A:PHE208,CE1,3.65
MAOA,8,A:PHE208,CD1,3.65
MAOA,9,A:TYR444,OH,3.69
MAOA,10,A:TYR444,CE2,3.7
NFE2L2,1,A:LYS508,CD,3.13
NFE2L2,2,A:ILE474,CD1,3.15
NFE2L2,3,A:ASP457,OD2,3.47
NFE2L2,4,A:THR455,OG1,3.49
NFE2L2,5,A:ASN475,ND2,3.53
NFE2L2,6,A:GLY505,CA,3.56
NFE2L2,7,A:GLU471,CG,3.6
NFE2L2,8,A:ASN475,OD1,3.67
NFE2L2,9,A:LYS508,NZ,3.73
NFE2L2,10,A:THR455,CB,3.74
PGF,1,A:PRO49,CD,3.18
PGF,2,A:PHE105,CE1,3.21
PGF,3,A:GLU47,O,3.29
PGF,4,A:LEU103,CD2,3.33
PGF,5,A:PHE105,CD1,3.42
PGF,6,A:THR104,O,3.45
PGF,7,A:LEU103,CB,3.48
PGF,8,A:TYR48,OH,3.53
PGF,9,A:TYR48,CZ,3.56
PGF,10,A:TYR48,CA,3.62
P2RY6,1,A:GLN171,OE1,3.33
P2RY6,2,A:TYR20,N,3.38
P2RY6,3,A:SER181,O,3.39
P2RY6,4,A:TYR20,CD2,3.41
P2RY6,5,A:GLU22,OE2,3.49
P2RY6,6,A:LYS284,NZ,3.49
P2RY6,7,A:ASP179,N,3.52
P2RY6,8,A:CYS18,O,3.53
P2RY6,9,A:GLN171,NE2,3.67
P2RY6,10,A:TYR20,CE2,3.7
