receptor,best_affinity_kcal_mol,box_index,seed,box_center,box_size,nearest_residues,contacts_under_4A
AHR,-14.16,0,42,130.58;144.98;138.42,24.00;24.00;24.00,D:GLY321 (3.20 A); D:CYS333 (3.27 A); D:PHE351 (3.28 A); D:LEU353 (3.38 A); D:PHE295 (3.42 A); D:PHE295 (3.52 A); D:HIS291 (3.55 A); D:PHE295 (3.58 A); D:GLY321 (3.60 A); D:ILE325 (3.63 A),29
CYP1A2,-15.66,0,42,2.49;17.83;20.15,24.00;24.00;24.00,A:PHE226 (3.48 A); A:PHE226 (3.49 A); A:ILE386 (3.51 A); A:GLY316 (3.51 A); A:ALA317 (3.53 A); A:THR124 (3.53 A); A:GLY316 (3.61 A); A:ALA317 (3.63 A); A:ALA317 (3.63 A); A:PHE125 (3.65 A),26
CYP1B1,-15.96,0,8888,-18.34;21.50;-19.82,24.00;24.00;24.00,A:PHE134 (3.36 A); A:ASP333 (3.40 A); A:GLY329 (3.50 A); A:ASP326 (3.50 A); A:PHE231 (3.52 A); A:ALA330 (3.55 A); A:ILE399 (3.58 A); A:PHE231 (3.58 A); A:ALA133 (3.58 A); A:PHE231 (3.58 A),33
CRABP2,-9.685,0,2026,22.07;26.28;20.21,24.00;24.00;24.00,A:LEU19 (3.25 A); A:VAL58 (3.43 A); A:VAL76 (3.47 A); A:THR56 (3.50 A); A:ALA32 (3.52 A); A:PHE15 (3.54 A); A:VAL24 (3.55 A); A:VAL24 (3.58 A); A:THR56 (3.72 A); A:ARG59 (3.72 A),17
ESR1,-10.91,0,42,106.73;15.02;96.62,24.00;24.00;24.00,A:GLU353 (3.21 A); A:LEU391 (3.48 A); A:LEU346 (3.48 A); A:LEU346 (3.53 A); A:LEU391 (3.56 A); A:HIS524 (3.58 A); A:PHE404 (3.59 A); A:MET421 (3.68 A); A:LEU387 (3.71 A); A:MET388 (3.71 A),20
HSD11B1,-10.25,0,8888,64.86;102.91;46.07,24.00;24.00;24.00,A:VAL227 (3.31 A); A:TYR183 (3.33 A); A:LEU126 (3.38 A); A:TYR183 (3.38 A); A:LEU217 (3.45 A); A:SER170 (3.52 A); A:GLY216 (3.58 A); A:TYR183 (3.61 A); A:NAP901 (3.68 A); A:NAP901 (3.70 A),20
MAOA,-11.54,0,2026,20.53;2.23;5.62,24.00;24.00;24.00,A:PHE352 (3.46 A); A:LEU337 (3.47 A); A:THR336 (3.57 A); A:SER209 (3.59 A); A:ILE335 (3.61 A); A:ILE335 (3.63 A); A:PHE208 (3.65 A); A:PHE208 (3.65 A); A:TYR444 (3.69 A); A:TYR444 (3.70 A),20
NFE2L2,-7.567,9,2026,-19.15;-6.22;8.57,30.00;30.00;30.00,A:LYS508 (3.13 A); A:ILE474 (3.15 A); A:ASP457 (3.47 A); A:THR455 (3.49 A); A:ASN475 (3.53 A); A:GLY505 (3.56 A); A:GLU471 (3.60 A); A:ASN475 (3.67 A); A:LYS508 (3.73 A); A:THR455 (3.74 A),18
PGF,-7.123,1,2026,15.91;34.59;7.03,30.00;30.00;30.00,A:PRO49 (3.18 A); A:PHE105 (3.21 A); A:GLU47 (3.29 A); A:LEU103 (3.33 A); A:PHE105 (3.42 A); A:THR104 (3.45 A); A:LEU103 (3.48 A); A:TYR48 (3.53 A); A:TYR48 (3.56 A); A:TYR48 (3.62 A),20
P2RY6,-10.02,5,42,-27.10;-7.75;3.42,32.00;32.00;32.00,A:GLN171 (3.33 A); A:TYR20 (3.38 A); A:SER181 (3.39 A); A:TYR20 (3.41 A); A:GLU22 (3.49 A); A:LYS284 (3.49 A); A:ASP179 (3.52 A); A:CYS18 (3.53 A); A:GLN171 (3.67 A); A:TYR20 (3.70 A),18
