receptor,box_index,center,size,seed,best_affinity_kcal_mol
AHR,0,130.58;144.98;138.42,24.00;24.00;24.00,42,-14.16
AHR,0,130.58;144.98;138.42,24.00;24.00;24.00,2026,-14.15
AHR,0,130.58;144.98;138.42,24.00;24.00;24.00,8888,-14.14
CYP1A2,0,2.49;17.83;20.15,24.00;24.00;24.00,42,-15.66
CYP1A2,0,2.49;17.83;20.15,24.00;24.00;24.00,2026,-15.66
CYP1A2,0,2.49;17.83;20.15,24.00;24.00;24.00,8888,-15.65
CYP1B1,0,-18.34;21.50;-19.82,24.00;24.00;24.00,42,-15.94
CYP1B1,0,-18.34;21.50;-19.82,24.00;24.00;24.00,2026,-15.94
CYP1B1,0,-18.34;21.50;-19.82,24.00;24.00;24.00,8888,-15.96
CRABP2,0,22.07;26.28;20.21,24.00;24.00;24.00,42,-9.655
CRABP2,0,22.07;26.28;20.21,24.00;24.00;24.00,2026,-9.685
CRABP2,0,22.07;26.28;20.21,24.00;24.00;24.00,8888,-9.653
ESR1,0,106.73;15.02;96.62,24.00;24.00;24.00,42,-10.91
ESR1,0,106.73;15.02;96.62,24.00;24.00;24.00,2026,-10.9
ESR1,0,106.73;15.02;96.62,24.00;24.00;24.00,8888,-10.88
HSD11B1,0,64.86;102.91;46.07,24.00;24.00;24.00,42,-10.23
HSD11B1,0,64.86;102.91;46.07,24.00;24.00;24.00,2026,-10.21
HSD11B1,0,64.86;102.91;46.07,24.00;24.00;24.00,8888,-10.25
MAOA,0,20.53;2.23;5.62,24.00;24.00;24.00,42,-11.53
MAOA,0,20.53;2.23;5.62,24.00;24.00;24.00,2026,-11.54
MAOA,0,20.53;2.23;5.62,24.00;24.00;24.00,8888,-11.54
NFE2L2,0,-34.15;-6.22;-51.43,30.00;30.00;30.00,42,0.0
NFE2L2,0,-34.15;-6.22;-51.43,30.00;30.00;30.00,2026,0.0
NFE2L2,0,-34.15;-6.22;-51.43,30.00;30.00;30.00,8888,0.0
NFE2L2,1,-34.15;-6.22;-36.43,30.00;30.00;30.00,42,0.0
NFE2L2,1,-34.15;-6.22;-36.43,30.00;30.00;30.00,2026,0.0
NFE2L2,1,-34.15;-6.22;-36.43,30.00;30.00;30.00,8888,0.0
NFE2L2,2,-34.15;-6.22;-21.43,30.00;30.00;30.00,42,-0.00357
NFE2L2,2,-34.15;-6.22;-21.43,30.00;30.00;30.00,2026,-0.007212
NFE2L2,2,-34.15;-6.22;-21.43,30.00;30.00;30.00,8888,0.0
NFE2L2,3,-34.15;-6.22;-6.43,30.00;30.00;30.00,42,-4.282
NFE2L2,3,-34.15;-6.22;-6.43,30.00;30.00;30.00,2026,-4.282
NFE2L2,3,-34.15;-6.22;-6.43,30.00;30.00;30.00,8888,-4.279
NFE2L2,4,-34.15;-6.22;8.57,30.00;30.00;30.00,42,-7.555
NFE2L2,4,-34.15;-6.22;8.57,30.00;30.00;30.00,2026,-7.56
NFE2L2,4,-34.15;-6.22;8.57,30.00;30.00;30.00,8888,-7.544
NFE2L2,5,-19.15;-6.22;-51.43,30.00;30.00;30.00,42,0.0
NFE2L2,5,-19.15;-6.22;-51.43,30.00;30.00;30.00,2026,0.0
NFE2L2,5,-19.15;-6.22;-51.43,30.00;30.00;30.00,8888,0.0
NFE2L2,6,-19.15;-6.22;-36.43,30.00;30.00;30.00,42,0.0
NFE2L2,6,-19.15;-6.22;-36.43,30.00;30.00;30.00,2026,0.0
NFE2L2,6,-19.15;-6.22;-36.43,30.00;30.00;30.00,8888,0.0
NFE2L2,7,-19.15;-6.22;-21.43,30.00;30.00;30.00,42,-4.111
NFE2L2,7,-19.15;-6.22;-21.43,30.00;30.00;30.00,2026,-4.109
NFE2L2,7,-19.15;-6.22;-21.43,30.00;30.00;30.00,8888,-4.1
NFE2L2,8,-19.15;-6.22;-6.43,30.00;30.00;30.00,42,-5.382
NFE2L2,8,-19.15;-6.22;-6.43,30.00;30.00;30.00,2026,-5.39
NFE2L2,8,-19.15;-6.22;-6.43,30.00;30.00;30.00,8888,-5.388
NFE2L2,9,-19.15;-6.22;8.57,30.00;30.00;30.00,42,-7.53
NFE2L2,9,-19.15;-6.22;8.57,30.00;30.00;30.00,2026,-7.567
NFE2L2,9,-19.15;-6.22;8.57,30.00;30.00;30.00,8888,-7.555
NFE2L2,10,-4.15;-6.22;-51.43,30.00;30.00;30.00,42,-2.292
NFE2L2,10,-4.15;-6.22;-51.43,30.00;30.00;30.00,2026,-2.34
NFE2L2,10,-4.15;-6.22;-51.43,30.00;30.00;30.00,8888,-2.321
NFE2L2,11,-4.15;-6.22;-36.43,30.00;30.00;30.00,42,-4.28
NFE2L2,11,-4.15;-6.22;-36.43,30.00;30.00;30.00,2026,-4.148
NFE2L2,11,-4.15;-6.22;-36.43,30.00;30.00;30.00,8888,-4.146
NFE2L2,12,-4.15;-6.22;-21.43,30.00;30.00;30.00,42,-4.829
NFE2L2,12,-4.15;-6.22;-21.43,30.00;30.00;30.00,2026,-4.808
NFE2L2,12,-4.15;-6.22;-21.43,30.00;30.00;30.00,8888,-4.811
NFE2L2,13,-4.15;-6.22;-6.43,30.00;30.00;30.00,42,-5.385
NFE2L2,13,-4.15;-6.22;-6.43,30.00;30.00;30.00,2026,-5.371
NFE2L2,13,-4.15;-6.22;-6.43,30.00;30.00;30.00,8888,-5.377
NFE2L2,14,-4.15;-6.22;8.57,30.00;30.00;30.00,42,-5.822
NFE2L2,14,-4.15;-6.22;8.57,30.00;30.00;30.00,2026,-5.805
NFE2L2,14,-4.15;-6.22;8.57,30.00;30.00;30.00,8888,-5.822
NFE2L2,15,10.85;-6.22;-51.43,30.00;30.00;30.00,42,-7.106
NFE2L2,15,10.85;-6.22;-51.43,30.00;30.00;30.00,2026,-7.097
NFE2L2,15,10.85;-6.22;-51.43,30.00;30.00;30.00,8888,-7.105
NFE2L2,16,10.85;-6.22;-36.43,30.00;30.00;30.00,42,-7.122
NFE2L2,16,10.85;-6.22;-36.43,30.00;30.00;30.00,2026,-7.11
NFE2L2,16,10.85;-6.22;-36.43,30.00;30.00;30.00,8888,-7.108
NFE2L2,17,10.85;-6.22;-21.43,30.00;30.00;30.00,42,-5.978
NFE2L2,17,10.85;-6.22;-21.43,30.00;30.00;30.00,2026,-5.953
NFE2L2,17,10.85;-6.22;-21.43,30.00;30.00;30.00,8888,-5.952
NFE2L2,18,10.85;-6.22;-6.43,30.00;30.00;30.00,42,-5.773
NFE2L2,18,10.85;-6.22;-6.43,30.00;30.00;30.00,2026,-5.975
NFE2L2,18,10.85;-6.22;-6.43,30.00;30.00;30.00,8888,-5.946
NFE2L2,19,10.85;-6.22;8.57,30.00;30.00;30.00,42,-4.941
NFE2L2,19,10.85;-6.22;8.57,30.00;30.00;30.00,2026,-4.946
NFE2L2,19,10.85;-6.22;8.57,30.00;30.00;30.00,8888,-4.922
PGF,0,15.91;34.59;-7.97,30.00;30.00;30.00,42,-7.119
PGF,0,15.91;34.59;-7.97,30.00;30.00;30.00,2026,-7.113
PGF,0,15.91;34.59;-7.97,30.00;30.00;30.00,8888,-7.11
PGF,1,15.91;34.59;7.03,30.00;30.00;30.00,42,-7.113
PGF,1,15.91;34.59;7.03,30.00;30.00;30.00,2026,-7.123
PGF,1,15.91;34.59;7.03,30.00;30.00;30.00,8888,-7.106
PGF,2,15.91;49.59;-7.97,30.00;30.00;30.00,42,-6.862
PGF,2,15.91;49.59;-7.97,30.00;30.00;30.00,2026,-6.86
PGF,2,15.91;49.59;-7.97,30.00;30.00;30.00,8888,-6.863
PGF,3,15.91;49.59;7.03,30.00;30.00;30.00,42,-5.635
PGF,3,15.91;49.59;7.03,30.00;30.00;30.00,2026,-5.642
PGF,3,15.91;49.59;7.03,30.00;30.00;30.00,8888,-5.627
P2RY6,0,-43.10;-7.75;-12.58,32.00;32.00;32.00,42,-4.742
P2RY6,0,-43.10;-7.75;-12.58,32.00;32.00;32.00,2026,-4.826
P2RY6,0,-43.10;-7.75;-12.58,32.00;32.00;32.00,8888,-4.81
P2RY6,1,-43.10;-7.75;3.42,32.00;32.00;32.00,42,-6.004
P2RY6,1,-43.10;-7.75;3.42,32.00;32.00;32.00,2026,-5.99
P2RY6,1,-43.10;-7.75;3.42,32.00;32.00;32.00,8888,-5.989
P2RY6,2,-43.10;8.25;-12.58,32.00;32.00;32.00,42,-3.862
P2RY6,2,-43.10;8.25;-12.58,32.00;32.00;32.00,2026,-3.907
P2RY6,2,-43.10;8.25;-12.58,32.00;32.00;32.00,8888,-3.945
P2RY6,3,-43.10;8.25;3.42,32.00;32.00;32.00,42,-5.499
P2RY6,3,-43.10;8.25;3.42,32.00;32.00;32.00,2026,-5.508
P2RY6,3,-43.10;8.25;3.42,32.00;32.00;32.00,8888,-5.551
P2RY6,4,-27.10;-7.75;-12.58,32.00;32.00;32.00,42,-7.988
P2RY6,4,-27.10;-7.75;-12.58,32.00;32.00;32.00,2026,-7.991
P2RY6,4,-27.10;-7.75;-12.58,32.00;32.00;32.00,8888,-7.997
P2RY6,5,-27.10;-7.75;3.42,32.00;32.00;32.00,42,-10.02
P2RY6,5,-27.10;-7.75;3.42,32.00;32.00;32.00,2026,-9.995
P2RY6,5,-27.10;-7.75;3.42,32.00;32.00;32.00,8888,-9.998
P2RY6,6,-27.10;8.25;-12.58,32.00;32.00;32.00,42,-8.059
P2RY6,6,-27.10;8.25;-12.58,32.00;32.00;32.00,2026,-8.044
P2RY6,6,-27.10;8.25;-12.58,32.00;32.00;32.00,8888,-8.064
P2RY6,7,-27.10;8.25;3.42,32.00;32.00;32.00,42,-8.87
P2RY6,7,-27.10;8.25;3.42,32.00;32.00;32.00,2026,-9.568
P2RY6,7,-27.10;8.25;3.42,32.00;32.00;32.00,8888,-8.1
P2RY6,8,-11.10;-7.75;-12.58,32.00;32.00;32.00,42,-8.029
P2RY6,8,-11.10;-7.75;-12.58,32.00;32.00;32.00,2026,-8.063
P2RY6,8,-11.10;-7.75;-12.58,32.00;32.00;32.00,8888,-8.057
P2RY6,9,-11.10;-7.75;3.42,32.00;32.00;32.00,42,-10.02
P2RY6,9,-11.10;-7.75;3.42,32.00;32.00;32.00,2026,-9.999
P2RY6,9,-11.10;-7.75;3.42,32.00;32.00;32.00,8888,-9.999
P2RY6,10,-11.10;8.25;-12.58,32.00;32.00;32.00,42,-8.509
P2RY6,10,-11.10;8.25;-12.58,32.00;32.00;32.00,2026,-8.487
P2RY6,10,-11.10;8.25;-12.58,32.00;32.00;32.00,8888,-8.489
P2RY6,11,-11.10;8.25;3.42,32.00;32.00;32.00,42,-9.533
P2RY6,11,-11.10;8.25;3.42,32.00;32.00;32.00,2026,-9.554
P2RY6,11,-11.10;8.25;3.42,32.00;32.00;32.00,8888,-9.533
P2RY6,12,4.90;-7.75;-12.58,32.00;32.00;32.00,42,-7.372
P2RY6,12,4.90;-7.75;-12.58,32.00;32.00;32.00,2026,-7.372
P2RY6,12,4.90;-7.75;-12.58,32.00;32.00;32.00,8888,-7.365
P2RY6,13,4.90;-7.75;3.42,32.00;32.00;32.00,42,-7.372
P2RY6,13,4.90;-7.75;3.42,32.00;32.00;32.00,2026,-7.376
P2RY6,13,4.90;-7.75;3.42,32.00;32.00;32.00,8888,-7.36
P2RY6,14,4.90;8.25;-12.58,32.00;32.00;32.00,42,-8.495
P2RY6,14,4.90;8.25;-12.58,32.00;32.00;32.00,2026,-8.502
P2RY6,14,4.90;8.25;-12.58,32.00;32.00;32.00,8888,-8.507
P2RY6,15,4.90;8.25;3.42,32.00;32.00;32.00,42,-8.485
P2RY6,15,4.90;8.25;3.42,32.00;32.00;32.00,2026,-8.495
P2RY6,15,4.90;8.25;3.42,32.00;32.00;32.00,8888,-8.499
P2RY6,16,20.90;-7.75;-12.58,32.00;32.00;32.00,42,-7.672
P2RY6,16,20.90;-7.75;-12.58,32.00;32.00;32.00,2026,-7.655
P2RY6,16,20.90;-7.75;-12.58,32.00;32.00;32.00,8888,-7.662
P2RY6,17,20.90;-7.75;3.42,32.00;32.00;32.00,42,-8.996
P2RY6,17,20.90;-7.75;3.42,32.00;32.00;32.00,2026,-8.992
P2RY6,17,20.90;-7.75;3.42,32.00;32.00;32.00,8888,-8.998
P2RY6,18,20.90;8.25;-12.58,32.00;32.00;32.00,42,-7.664
P2RY6,18,20.90;8.25;-12.58,32.00;32.00;32.00,2026,-7.665
P2RY6,18,20.90;8.25;-12.58,32.00;32.00;32.00,8888,-7.655
P2RY6,19,20.90;8.25;3.42,32.00;32.00;32.00,42,-8.995
P2RY6,19,20.90;8.25;3.42,32.00;32.00;32.00,2026,-8.977
P2RY6,19,20.90;8.25;3.42,32.00;32.00;32.00,8888,-8.991
