"cluster","n_sham_samples","n_tbi_samples","n_cells_sham","n_cells_tbi","median_prop_sham","median_prop_tbi","mean_prop_sham","mean_prop_tbi","wilcox_p","wilcox_p_bh","subcluster_name"
"0",5,12,495,3,0,0,0.2171,0.0068,0.3599,0.4467,"GFAP-high / mitochondrial-rich astrocyte"
"1",5,12,449,36,0.4491,0.0126,0.4758,0.0954,0.29944,0.4467,"Homeostatic astrocyte (SLC1A2-high)"
"2",5,12,400,0,0,0,0.1687,0,0.03045,0.06851,"OSMR/ABCC9-high reactive-like astrocyte"
"3",5,12,0,202,0,0.0855,0,0.2885,0.01435,0.06457,"TBI-associated NAMPT-high reactive-like astrocyte"
"4",5,12,0,148,0,0,0,0.0838,0.39707,0.4467,"APOE/CST3-high, blood/ambient-enriched (HBA2+)"
"5",5,12,141,0,0,0,0.1068,0,0.03045,0.06851,"SLC1A2-high homeostatic-like, sample-enriched"
"6",5,12,1,139,0,0.2206,5e-04,0.3713,0.00468,0.04212,"Reactive astrocyte (C3+/ECM+)"
"7",5,12,1,84,0,0,0.0018,0.0887,0.72299,0.72299,"Proliferative/ECM-remodeling astrocyte (GINS3/ADAMTS10-high)"
"8",5,12,48,21,0.0302,0.0079,0.0294,0.0655,0.26245,0.4467,"Low-confidence neuronal-like/ambient (EDIL3+)"
